Nome Completo;Nome Para Urna;Cargo;Número;Partido;Situação;Coligação
ABILIO CESAR ALVES;ABÍLIO ALVES;Deputado Estadual;70555;PT do B;Deferido;Rio Grande Unido Pode Mais
ADAIR DOS SANTOS CHICUTA;ADAIR SANTOS;Deputado Estadual;20707;PSC;Deferido;UNIÃO VERDE ECOLOGICA CRISTÃ
ADALCIR BRUBACHER;ADALCIR BRUBACHER;Deputado Estadual;33456;PMN;Deferido;PMN
ADÃO ROBERTO RODRIGUES VILLAVERDE;VILLA;Deputado Estadual;13013;PT;Deferido;PT
ADELMO ANTONIO DE SOUZA;ADELMO SOUZA;Deputado Estadual;20120;PSC;Deferido;UNIÃO VERDE ECOLOGICA CRISTÃ
ADEMAR PETRY;ADEMAR PETRY;Deputado Estadual;11474;PP;Deferido;PP
ADILSON TROCA;ADILSON TROCA;Deputado Estadual;45123;PSDB;Deferido;Esperança por um Rio Grande Melhor
ADOLFO ANTONIO FETTER JUNIOR;FETTER;Deputado Estadual;11800;PP;Deferido;PP
ADOLFO JOSÉ BRITO;ADOLFO BRITO;Deputado Estadual;11240;PP;Deferido;PP
ADRIANA MARTINS GUIMARAES;ADRIANA GUIMARAES;Deputado Estadual;50009;PSOL;Deferido;Frente de Esquerda - PSOL / PSTU
ADRIANO CARVALHO DOLZAN;DOLZAN;Deputado Estadual;45610;PSDB;Deferido;Esperança por um Rio Grande Melhor
ADROALDO DAL MASS;DAL MASS;Deputado Estadual;25225;DEM;Deferido;Unidade Democrata Trabalhista
AGNELO FRANCISCO CHIODO;AGNELO CHIODO;Deputado Estadual;77877;SD;Deferido;Esperança por um Rio Grande Melhor
AILTON DOS SANTOS MACHADO;AILTON MACHADO;Deputado Estadual;11100;PP;Deferido;PP
AIRTON BORGES DE QUADRO;AIRTON BORGES;Deputado Estadual;20777;PSC;Deferido;UNIÃO VERDE ECOLOGICA CRISTÃ
AIRTON JOSE DE SOUZA;AIRTON SOUZA;Deputado Estadual;11900;PP;Deferido;PP
ALBERTO MAYER;BETO MAYER;Deputado Estadual;20375;PSC;Deferido;UNIÃO VERDE ECOLOGICA CRISTÃ
ALCEU JUNIOR DE FARIAS BARRA;ALCEU JUNIOR ALVORADA;Deputado Estadual;50999;PSOL;Deferido;Frente de Esquerda - PSOL / PSTU
ALCEU OLIVEIRA DA ROSA;BRASINHA;Deputado Estadual;14118;PTB;Deferido;PTB
ALDACIR JOSÉ OLIBONI;ALDACIR OLIBONI;Deputado Estadual;13580;PT;Deferido;PT
ALESSANDRA BARTZ DE LIMA;ALESSANDRA BARTZ;Deputado Estadual;70399;PT do B;Deferido;Rio Grande Unido Pode Mais
ALESSANDRO DAL ZOTTO;ALE DAL ZOTTO;Deputado Estadual;40321;PSB;Deferido;JUNTOS PELO RIO GRANDE
ALESSANDRO DE MORAES FERNANDES;SANDRO FERNANDES;Deputado Estadual;65777;PC do B;Deferido;Avançar nas Mudanças
ALEX SILVEIRA BIER;ALEX SILVEIRA BIER;Deputado Estadual;17111;PSL;Indeferido;Rio Grande Unido Pode Mais
ALEXANDRE POSTAL;ALEXANDRE POSTAL;Deputado Estadual;15150;PMDB;Deferido;PMDB
ALEXANDRE SZEKIR;ALEX SZEKIR;Deputado Estadual;43210;PV;Deferido;UNIÃO VERDE ECOLOGICA CRISTÃ
ALEXSANDRO DA SILVA GIGANTE;GIGANTE;Deputado Estadual;14224;PTB;Deferido;PTB
ALFREDO VITORIO TATTO;ALFREDO TATTO;Deputado Estadual;13654;PT;Deferido;PT
ALICE COMASSETTO;ALICE COMASSETTO;Deputado Estadual;43910;PV;Deferido;UNIÃO VERDE ECOLOGICA CRISTÃ
ALOISIO BAMBERG;BAMBERG;Deputado Estadual;54234;PPL;Deferido;Avançar nas Mudanças
ALOISIO TALSO CLASSMANN;CLASSMANN;Deputado Estadual;14200;PTB;Deferido;PTB
ALTEMIR ANTONIO TORTELLI;TORTELLI;Deputado Estadual;13030;PT;Deferido;PT
ALVARO DAVI BOESSIO;BOESSIO;Deputado Estadual;15170;PMDB;Deferido;PMDB
ALVINO DE MORAES;ALVINO DA CONSTRUÇÃO CIVIL;Deputado Estadual;27027;PSDC;Deferido;Rio Grande Unido Pode Mais
ANA INES AFFONSO;ANA AFFONSO;Deputado Estadual;13813;PT;Deferido;PT
ANA MARIA INES LEHN;ANA BOMBOM;Deputado Estadual;15067;PMDB;Deferido;PMDB
ANA NERI DE SOUSA PAULO KNUPP SOARES;ANA NERI;Deputado Estadual;20230;PSC;Deferido;UNIÃO VERDE ECOLOGICA CRISTÃ
ANA REGINA LARA DE SOUZA PÔRTO;ANINHA DO PV;Deputado Estadual;43222;PV;Deferido;UNIÃO VERDE ECOLOGICA CRISTÃ
ANAI MARIA DE SOUZA;ANAI SOUZA;Deputado Estadual;50055;PSOL;Deferido;Frente de Esquerda - PSOL / PSTU
ANDERSON D ONOFRIO FRANÇA;ANDERSON D'ONOFRIO FRANÇA;Deputado Estadual;51007;PEN;Deferido;UNIÃO VERDE ECOLOGICA CRISTÃ
ANDERSON DA CUNHA TAVARES;TAVARES DA VILA;Deputado Estadual;28010;PRTB;Deferido;PRTB
ANDERSON PINHEIRO LIMA;CHIQUINHO DA SEGURANÇA;Deputado Estadual;28357;PRTB;Deferido;PRTB
ANDRÉ LESNIK;ANDRÉ LESNIK;Deputado Estadual;43333;PV;Deferido;UNIÃO VERDE ECOLOGICA CRISTÃ
ANDRE LOPES PORTELLA;PROF. PORTELLA;Deputado Estadual;50100;PSOL;Deferido;Frente de Esquerda - PSOL / PSTU
ANDREIA GOULART COLBEICH MOLINELLI;ANDRÉIA GOULART;Deputado Estadual;43789;PV;Deferido;UNIÃO VERDE ECOLOGICA CRISTÃ
ANDREICE LONGHI;ANDREICE LONGHI;Deputado Estadual;22001;PR;Indeferido;Avançar nas Mudanças
ANELISE CAMARGO DA ROSA;ANE CAMARGO;Deputado Estadual;45511;PSDB;Deferido;Esperança por um Rio Grande Melhor
ANIBAL RIBAS;ANIBAL RIBAS;Deputado Estadual;43999;PV;Deferido;UNIÃO VERDE ECOLOGICA CRISTÃ
ANTONIA REJANE AVILA PAIM;ANTONIA REJANE PAIM;Deputado Estadual;11869;PP;Renúncia;PP
ANTONIA SILVA DE JESUS;BAIANA;Deputado Estadual;36136;PTC;Deferido;Avançar nas Mudanças
ANTONIO AILTON TORRES DE PAULA;ANTONIO DE PAULA;Deputado Estadual;12112;PDT;Deferido;Unidade Democrata Trabalhista
ANTONIO ALTAIR PUSCHNERAT;ANTONIO ALTAIR - NECO;Deputado Estadual;12660;PDT;Deferido;Unidade Democrata Trabalhista
ANTONIO CANDIDO ELIAS;ANTÔNIO ELIAS;Deputado Estadual;20677;PSC;Deferido;UNIÃO VERDE ECOLOGICA CRISTÃ
ANTÔNIO CARLOS ROSS DE ABREU;TONINHO DO TÁXI;Deputado Estadual;14914;PTB;Deferido;PTB
ANTÔNIO ELISANDRO DE OLIVEIRA;ANTÔNIO ELISANDRO;Deputado Estadual;40740;PSB;Deferido;JUNTOS PELO RIO GRANDE
ANTONIO FERNANDO NASCIMENTO RIBEIRO;FERNANDO RIBEIRO;Deputado Estadual;31013;PHS;Deferido;Rio Grande Unido Pode Mais
ANTONIO GERALDO DE SOUZA HENRIQUES FILHO;GERALDINHO;Deputado Estadual;40888;PSB;Deferido;JUNTOS PELO RIO GRANDE
ANTONIO GOMES;ENGENHEIRO ANTONIO GOMES;Deputado Estadual;12123;PDT;Deferido;Unidade Democrata Trabalhista
ANTONIO LUIS RIBEIRO;PETIÇO DO CANADÁ;Deputado Estadual;28035;PRTB;Deferido;PRTB
ANTONIO MARIA MELGAREJO SALDANHA;ANTONIO SALDANHA;Deputado Estadual;54678;PPL;Deferido;Avançar nas Mudanças
ANTONIO ROGÉRIO DE SOUZA;PAI ANTONIO;Deputado Estadual;70777;PT do B;Deferido;Rio Grande Unido Pode Mais
ANTONIO SANTOS DE SANTANA REIS;TONY REIS;Deputado Estadual;17333;PSL;Deferido;Rio Grande Unido Pode Mais
ANTONIO SOBIS;ANTONIO SOBIS;Deputado Estadual;17123;PSL;Deferido;Rio Grande Unido Pode Mais
ANTONIO VALDECI OLIVEIRA DE OLIVEIRA;VALDECI OLIVEIRA;Deputado Estadual;13713;PT;Aguardando julgamento;PT
ANY MACHADO ORTIZ;ANY ORTIZ;Deputado Estadual;23200;PPS;Deferido;JUNTOS PELO RIO GRANDE
ARCANGELO MONDARDO;ARCANGELO MONDARDO;Deputado Estadual;22069;PR;Deferido;Avançar nas Mudanças
ARI THESSING;ARI THESSING;Deputado Estadual;13510;PT;Deferido;PT
ARIEL JOEL BRANDAO DOS SANTOS;MORTADELA - ARIEL BRANDAO;Deputado Estadual;22007;PR;Deferido;Avançar nas Mudanças
ARILTON SERAFIM CARDOSO;ARILTON;Deputado Estadual;50123;PSOL;Deferido;Frente de Esquerda - PSOL / PSTU
ARLEU MACHADO DE OLIVEIRA;ARLEU MACHADO DE OLIVEIRA;Deputado Estadual;11234;PP;Deferido;PP
ARLINDO LUIZ SLAYFER;ARLINDO SLAYFER;Deputado Estadual;40623;PSB;Deferido;JUNTOS PELO RIO GRANDE
AROLDO MEDINA;AROLDO MEDINA;Deputado Estadual;55015;PSD;Deferido;Rio Grande Unido Pode Mais
AROLDO QUINTANA GARCIA;AROLDO QUINTANA;Deputado Estadual;77007;SD;Deferido;Esperança por um Rio Grande Melhor
ARXIBAUER RODRIGUES MONCORVO;AXI MONCORVO;Deputado Estadual;15190;PMDB;Deferido;PMDB
ATILAR GILBERTO GERSTNER FILHO;ATILAR JR;Deputado Estadual;40999;PSB;Deferido;JUNTOS PELO RIO GRANDE
AURÉLIO INACIO SCHMIDT;AURELIO DA PADARIA;Deputado Estadual;45000;PSDB;Deferido;Esperança por um Rio Grande Melhor
AURIO PAULO SCHERER;AURIO SCHERER;Deputado Estadual;13690;PT;Deferido;PT
AYLTON DE JESUS MARTINS DE MAGALHÃES;AYLTON MAGALHÃES;Deputado Estadual;11454;PP;Deferido;PP
BARTIRA SILVEIRA DE FREITAS;BARTIRA FREITAS;Deputado Estadual;70013;PT do B;Deferido;Rio Grande Unido Pode Mais
BEATRIZ FERNANDES CARVALHO RITTER;PROF BIA RITTER;Deputado Estadual;13121;PT;Aguardando julgamento;PT
BEATRIZ KLOVAN;BEATRIZ KLOVAN;Deputado Estadual;54888;PPL;Deferido;Avançar nas Mudanças
BEATRIZ KRAINOVIC;BEATRIZ KRAINOVIC;Deputado Estadual;11033;PP;Deferido;PP
BENHUR LUCÍDIO TERRA DOS SANTOS;BENHUR TERRA;Deputado Estadual;15678;PMDB;Deferido;PMDB
BENHUR TIECHER;THÊQUINHO;Deputado Estadual;10011;PRB;Deferido;Esperança por um Rio Grande Melhor
BENO RITTER;BENO RITTER (BERGAMOTA);Deputado Estadual;40159;PSB;Deferido;JUNTOS PELO RIO GRANDE
BERNADETE TEIXEIRA VIDAL;BERNADETE VIDAL;Deputado Estadual;25678;DEM;Deferido;Unidade Democrata Trabalhista
BERNARDINO VENDRUSCOLO;BERNARDINO VENDRUSCOLO;Deputado Estadual;90999;PROS;Deferido;Avançar nas Mudanças
CARINE FRASSONI SILVEIRA;CARINE FRASSONI;Deputado Estadual;15315;PMDB;Deferido;PMDB
CARLITO NICOLAIT DE MATTOS;CARLITO NICOLAIT;Deputado Estadual;13313;PT;Deferido;PT
CARLOS ALBERTO CARDOSO DE AGUIAR JUNIOR;CAPITÃO AGUIAR;Deputado Estadual;40360;PSB;Deferido;JUNTOS PELO RIO GRANDE
CARLOS ALBERTO FONTOURA LUIZ;FONTOURA LUIZ PROTÉTICO;Deputado Estadual;43012;PV;Deferido;UNIÃO VERDE ECOLOGICA CRISTÃ
CARLOS ALEXANDRE GONÇALVES;ALEXANDRE GONÇALVES;Deputado Estadual;22000;PR;Deferido;Avançar nas Mudanças
CARLOS ANTONIO DA SILVA;CARLOS SILVA;Deputado Estadual;45445;PSDB;Deferido;Esperança por um Rio Grande Melhor
CARLOS ANTONIO DE ABREU BENNECH;CARLOS BENNECH;Deputado Estadual;15615;PMDB;Deferido;PMDB
CARLOS ARMANDO GOMES;CARLOS DREBES;Deputado Estadual;51555;PEN;Deferido;UNIÃO VERDE ECOLOGICA CRISTÃ
CARLOS AUGUSTO GONÇALVES LEITE;CARLOS BREIK;Deputado Estadual;40640;PSB;Deferido;JUNTOS PELO RIO GRANDE
CARLOS CLADEMIR MACHADO;PRAGUINHA;Deputado Estadual;36011;PTC;Deferido;Avançar nas Mudanças
CARLOS DANILO ROSA DE ARAUJO;DANILO BARBUDO;Deputado Estadual;77789;SD;Deferido;Esperança por um Rio Grande Melhor
CARLOS JUAREZ OURIQUE FAGUNDES;BITÃO;Deputado Estadual;10190;PRB;Deferido;Esperança por um Rio Grande Melhor
CARLOS LARRI DUARTE DE ARAUJO;CARLOS LARRY;Deputado Estadual;51234;PEN;Indeferido;UNIÃO VERDE ECOLOGICA CRISTÃ
CARLOS NILO COELHO PINTOS;CARLOS NILO;Deputado Estadual;11300;PP;Renúncia;PP
CARLOS ROBERTO DIAS DA FONSECA;CARLOS FONSECA;Deputado Estadual;40021;PSB;Deferido;JUNTOS PELO RIO GRANDE
CARMEM LUCIA SILVA DE OLIVEIRA;CARMEM LÚCIA;Deputado Estadual;54421;PPL;Deferido;Avançar nas Mudanças
CARMEN ZOLEIKE FLORES INACIO;CARMEN FLORES;Deputado Estadual;11200;PP;Deferido;PP
CAROLINA FIGUEREDO MACIEL;CAROL;Deputado Estadual;13888;PT;Deferido;PT
CAROLINA FRAGOSO LANGNER;CAROLINA FRAGOSO;Deputado Estadual;40000;PSB;Deferido;JUNTOS PELO RIO GRANDE
CAROLINE DE ALMEIDA;CAROL ALMEIDA;Deputado Estadual;14753;PTB;Renúncia;PTB
CATIA DA ROSA ANDRADE LEAL;CATIA LEAL;Deputado Estadual;20234;PSC;Indeferido;UNIÃO VERDE ECOLOGICA CRISTÃ
CELENI DE OLIVEIRA VIANA;CELENI VIANA;Deputado Estadual;45670;PSDB;Deferido;Esperança por um Rio Grande Melhor
CELSO DE MORAES PINTO;PASTOR CELSO MORAES;Deputado Estadual;14120;PTB;Deferido;PTB
CELSO KRAMER;CELSO KRAMER;Deputado Estadual;14234;PTB;Deferido;PTB
CÉSAR NICOLAU LAMPUGNANI;POLACO DOS RADIADORES;Deputado Estadual;43666;PV;Deferido;UNIÃO VERDE ECOLOGICA CRISTÃ
CESAR OLIVEIRA DE SOUZA;CESAR OLIVEIRA;Deputado Estadual;77111;SD;Deferido;Esperança por um Rio Grande Melhor
CEZAR PAULO MOSSINI;MOSSINI;Deputado Estadual;15915;PMDB;Deferido;PMDB
CILON JOSE FLORIANO MATOS;CILON MATOS;Deputado Estadual;70070;PT do B;Deferido;Rio Grande Unido Pode Mais
CINTIA PEREIRA DE SOUZA;CINTIA SOUZA;Deputado Estadual;12621;PDT;Deferido;Unidade Democrata Trabalhista
CIRCE MARIA MONDADORI LISIAK;CIRCE MONDADORI LISIAK;Deputado Estadual;11199;PP;Deferido;PP
CIRO CARLOS EMERIM SIMONI;CIRO SIMONI;Deputado Estadual;12233;PDT;Deferido;Unidade Democrata Trabalhista
CLAIR PLINIO BORGES;CLEITON DO JM;Deputado Estadual;15100;PMDB;Deferido;PMDB
CLAIR TOMÉ KUHN;CLAIR KUHN;Deputado Estadual;15789;PMDB;Deferido;PMDB
CLARISSA DE LOURDES SOMMER ALVES;CLARISSA SOMMER ALVES;Deputado Estadual;50888;PSOL;Deferido;Frente de Esquerda - PSOL / PSTU
CLARISSE GREFF DE SOUZA;CLARISSE SOUZA;Deputado Estadual;20333;PSC;Renúncia;UNIÃO VERDE ECOLOGICA CRISTÃ
CLAUDETE SILVA DE OLIVEIRA;PROFESSORA CLAUDETE OLIVEIRA;Deputado Estadual;54321;PPL;Deferido;Avançar nas Mudanças
CLAUDIA BARBOSA ALVES;CLAUDIA BARBOSA ALVES;Deputado Estadual;27232;PSDC;Deferido;Rio Grande Unido Pode Mais
CLAUDIA DE AVILA ANTONINI;CLAUDIA ANTONINI;Deputado Estadual;13200;PT;Deferido;PT
CLAUDIA MARILIA SAMPAIO DA SILVA;MARILIA SAMPAIO;Deputado Estadual;11021;PP;Deferido;PP
CLAUDIA REGINA ALVES FERREIRA;CLÁUDIA ALVES;Deputado Estadual;14888;PTB;Deferido;PTB
CLÁUDIO JOSÉ DE VITT BARROS;CLÁUDIO BARROS;Deputado Estadual;14111;PTB;Deferido;PTB
CLAUDIO RENATO DE OLIVEIRA GONÇALVES;O GORDO CLAUDIO;Deputado Estadual;36036;PTC;Deferido;Avançar nas Mudanças
CLAUDIOMIRO DA SILVA;CLAUDIOMIRO DA SILVA;Deputado Estadual;50222;PSOL;Deferido;Frente de Esquerda - PSOL / PSTU
CLAUDIOMIRO GOROSTIDE MENNA BARRETO;CLAUDIOMIRO MENNA BARRETO;Deputado Estadual;22333;PR;Deferido;Avançar nas Mudanças
CLEBER MARCOS GIDEL GONÇALVES;CLEBER GONÇALVES;Deputado Estadual;43998;PV;Indeferido;UNIÃO VERDE ECOLOGICA CRISTÃ
CLÉBIA TUCHTENHAGEN KORBERG;PROFESSORA CLÉBIA;Deputado Estadual;20208;PSC;Deferido;UNIÃO VERDE ECOLOGICA CRISTÃ
CLECI JUNG;CLECI JUNG;Deputado Estadual;10123;PRB;Deferido;Esperança por um Rio Grande Melhor
CLENI COELHO GONÇALVES;TINICA;Deputado Estadual;40780;PSB;Deferido;JUNTOS PELO RIO GRANDE
CLOVIS SOARES DA SILVA;PASTOR SILVA;Deputado Estadual;36362;PTC;Deferido;Avançar nas Mudanças
CONCEIÇÃO BEATRIZ ESPINDOLA BRASIL;BEATRIZ BRASIL;Deputado Estadual;65021;PC do B;Deferido;Avançar nas Mudanças
CRISTIAN ALEXANDRE STRACK;CRISTIAN STRACK (SURDO);Deputado Estadual;10411;PRB;Deferido;Esperança por um Rio Grande Melhor
CRISTIANA FEIJÓ;CRISTIANA FEIJÓ;Deputado Estadual;31123;PHS;Deferido;Rio Grande Unido Pode Mais
CRISTIANO RODRIGUES AQUINO;CRISTIANO AQUINO;Deputado Estadual;13607;PT;Deferido;PT
CRISTINA VIEIRA DOS REIS;CRISTINA REIS;Deputado Estadual;15600;PMDB;Deferido;PMDB
DANIEL ANTONIO GUERRA;DANIEL GUERRA;Deputado Estadual;10000;PRB;Deferido;Esperança por um Rio Grande Melhor
DANIEL BECKER PERTUZATTI;DANIEL PERTUZATTI;Deputado Estadual;50250;PSOL;Deferido;Frente de Esquerda - PSOL / PSTU
DANIEL DAUDT SCHAEFER;DANIEL DAUDT SCHAEFER;Deputado Estadual;15500;PMDB;Deferido;PMDB
DANIEL LOBO DE CARVALHO;DANIEL CARVALHO;Deputado Estadual;45100;PSDB;Deferido;Esperança por um Rio Grande Melhor
DANIEL LUIZ BORDIGNON;DANIEL BORDIGNON;Deputado Estadual;13456;PT;Aguardando julgamento;PT
DANIEL SOUZA DOS SANTOS;DANIEL SANTOS;Deputado Estadual;54450;PPL;Deferido;Avançar nas Mudanças
DANIEL TERCILIO CARNIEL DE OLIVEIRA;DANIEL CARNIEL;Deputado Estadual;40033;PSB;Deferido;JUNTOS PELO RIO GRANDE
DANIELA DA SILVA VIEIRA;DANIELA VIEIRA;Deputado Estadual;14580;PTB;Deferido;PTB
DANIELE PACHECO DOS SANTOS;DANY PACCHESAN;Deputado Estadual;14345;PTB;Deferido;PTB
DARCI LUIZ DOMINGUES;DR. DARCI DOMINGUES;Deputado Estadual;20888;PSC;Deferido;UNIÃO VERDE ECOLOGICA CRISTÃ
DARIO FRANCISCO DA SILVEIRA;DARIO;Deputado Estadual;12500;PDT;Deferido;Unidade Democrata Trabalhista
DECIO LUIZ FRANZEN;DECIO FRANZEN;Deputado Estadual;12678;PDT;Deferido;Unidade Democrata Trabalhista
DEISE CRISTINA BARCHFELD BORGES;DEISE BARCHFELD;Deputado Estadual;51750;PEN;Aguardando julgamento;UNIÃO VERDE ECOLOGICA CRISTÃ
DELANOR BIF DE LAGOS;PRETO;Deputado Estadual;12300;PDT;Deferido;Unidade Democrata Trabalhista
DELMAR MEBIUS;BARBEIRO;Deputado Estadual;55456;PSD;Deferido;Rio Grande Unido Pode Mais
DELVIA MARIA MORALES DA ROCHA PEREIRA;DELVIA ROCHA;Deputado Estadual;15588;PMDB;Aguardando julgamento;PMDB
DENIS REMI CARDOSO SILVEIRA;DENIS REMI;Deputado Estadual;13600;PT;Deferido;PT
DENISE LETICIA DOS SANTOS;DENISE;Deputado Estadual;65765;PC do B;Deferido;Avançar nas Mudanças
DIEGO DAL PIVA DA LUZ;DIEGO PICUCHA;Deputado Estadual;12120;PDT;Deferido;Unidade Democrata Trabalhista
DIEISON JOCEMAR ENGROFF;DIEISON GROFF;Deputado Estadual;40100;PSB;Deferido;JUNTOS PELO RIO GRANDE
DIOGENES LUIS BASEGIO;DR BASEGIO;Deputado Estadual;12456;PDT;Deferido;Unidade Democrata Trabalhista
DIVALDINO LUIZ PIRES DA SILVA;IRMÃO PIRES;Deputado Estadual;20012;PSC;Deferido;UNIÃO VERDE ECOLOGICA CRISTÃ
DOGIVAL SILVA DUARTE;DOGIVAL DUARTE;Deputado Estadual;12550;PDT;Deferido;Unidade Democrata Trabalhista
DONÁRIO SOUZA DA COSTA;DONÁRIO SOUZA DA COSTA;Deputado Estadual;10111;PRB;Deferido;Esperança por um Rio Grande Melhor
DORIVAL SEBASTIÃO IPE DA SILVA;DR. IPE;Deputado Estadual;11589;PP;Deferido;PP
DOUGLAS QUADROS DOBLER;DOUGLAS DOBLER;Deputado Estadual;51012;PEN;Deferido;UNIÃO VERDE ECOLOGICA CRISTÃ
DURBE MARLI DA COSTA PETRY;DURBE PETRY;Deputado Estadual;10023;PRB;Deferido;Esperança por um Rio Grande Melhor
EBERSON LUIS FERNANDES;EBERSON FERNANDES;Deputado Estadual;13777;PT;Aguardando julgamento;PT
EBERSON MACHADO DE OLIVEIRA;EBERSON MACHADO;Deputado Estadual;40300;PSB;Deferido;JUNTOS PELO RIO GRANDE
EDEGAR LUIS CABRAL;EDEGAR CABRAL;Deputado Estadual;70677;PT do B;Deferido;Rio Grande Unido Pode Mais
EDEMAR TSOKOS GUEDES DA FONSECA;EDEMAR TSOKOS FONSECA;Deputado Estadual;36123;PTC;Deferido;Avançar nas Mudanças
EDI CARLOS PEREIRA DE SOUZA;EDICARLOS;Deputado Estadual;40234;PSB;Deferido;JUNTOS PELO RIO GRANDE
EDI DIONE DIAS DE MORAES;DIONE MORAES;Deputado Estadual;51751;PEN;Renúncia;UNIÃO VERDE ECOLOGICA CRISTÃ
EDI WILSON JOSE DOS SANTOS;DINHO DO GRÊMIO;Deputado Estadual;10555;PRB;Deferido;Esperança por um Rio Grande Melhor
EDIANA KROHN;EDIANA KROHN;Deputado Estadual;13088;PT;Deferido;PT
EDILAMAR SOARES DA SILVA;EDILA SOARES;Deputado Estadual;12547;PDT;Deferido;Unidade Democrata Trabalhista
EDISON OSVALDO ARNT;EDISON OSVALDO ARNT;Deputado Estadual;25555;DEM;Deferido;Unidade Democrata Trabalhista
EDSON LUIS PEREIRA ROSA;TENENTE EDSON ROSA;Deputado Estadual;13999;PT;Aguardando julgamento;PT
EDSON MEURER BRUM;EDSON BRUM;Deputado Estadual;15200;PMDB;Deferido;PMDB
EDSON PAULO THEODORO DA ROSA;EDSON DA ROSA;Deputado Estadual;15680;PMDB;Deferido;PMDB
EDUARDO ANTÔNIO MATOS;EDUARDO MATOS;Deputado Estadual;43987;PV;Deferido;UNIÃO VERDE ECOLOGICA CRISTÃ
EDUARDO BOCHI DE SALES;EDUARDO BOCHI;Deputado Estadual;43243;PV;Deferido;UNIÃO VERDE ECOLOGICA CRISTÃ
EDUARDO DEBACCO LOUREIRO;EDUARDO LOUREIRO;Deputado Estadual;12412;PDT;Deferido;Unidade Democrata Trabalhista
EDUARDO KAPPEL;EDUARDO KAPPEL;Deputado Estadual;11711;PP;Deferido;PP
EDUARDO MERINO;EDUARDO MERINO;Deputado Estadual;10100;PRB;Deferido;Esperança por um Rio Grande Melhor
EDUARDO RAFAEL VIERA OLIVERA;EDU OLIVERA;Deputado Estadual;55755;PSD;Deferido;Rio Grande Unido Pode Mais
EDUARDO SOARES DA ROSA;DUDA CALVIN;Deputado Estadual;13051;PT;Deferido;PT
EDUARDO WAGNER;EDUARDO WAGNER;Deputado Estadual;22345;PR;Deferido;Avançar nas Mudanças
ELAIR LUIZ NATHANAEL DE SOUZA;PROFESSOR NATHANAEL;Deputado Estadual;14768;PTB;Deferido;PTB
ELDOMIR PAULO MARCHEZAN;MARCHEZAN;Deputado Estadual;22444;PR;Deferido;Avançar nas Mudanças
ELENITA DOS SANTOS SOARES;ELENITA SOARES;Deputado Estadual;43030;PV;Deferido;UNIÃO VERDE ECOLOGICA CRISTÃ
ELIANE AVILA DE CARVALHO;ELIANE;Deputado Estadual;40110;PSB;Deferido;JUNTOS PELO RIO GRANDE
ELIANE CAMPO;ELIANE CAMPO;Deputado Estadual;20220;PSC;Deferido;UNIÃO VERDE ECOLOGICA CRISTÃ
ELIO MELVIM JONES DO AMARAL;ELIO AMARAL;Deputado Estadual;55123;PSD;Aguardando julgamento;Rio Grande Unido Pode Mais
ELISA MARA MACHADO RODRIGUES;ELISA RODRIGUES;Deputado Estadual;15215;PMDB;Deferido;PMDB
ELISEU MONTEIRO;ELISEU MONTEIRO KARAZINHO;Deputado Estadual;70888;PT do B;Deferido;Rio Grande Unido Pode Mais
ELIZA DE ALMEIDA FERREIRA DE OLIVEIRA;ELIZA OLIVEIRA;Deputado Estadual;45512;PSDB;Deferido;Esperança por um Rio Grande Melhor
ELIZETE BLEHM DE BITHENCOURT;ZETE BLEHM DA DI ELIZ;Deputado Estadual;25123;DEM;Deferido;Unidade Democrata Trabalhista
ELLEN WIETH;ELLEN WHIETH;Deputado Estadual;70014;PT do B;Indeferido;Rio Grande Unido Pode Mais
ELMAR CAINELLI;CAINELLI;Deputado Estadual;20500;PSC;Deferido;UNIÃO VERDE ECOLOGICA CRISTÃ
ELOASE ROSA ZIGNANI;ELOASE ZIGNANI;Deputado Estadual;25082;DEM;Indeferido;Unidade Democrata Trabalhista
ELOI BRAZ SESSIM;SESSIM;Deputado Estadual;70123;PT do B;Renúncia;Rio Grande Unido Pode Mais
ELTON ROBERTO WEBER;ELTON WEBER;Deputado Estadual;40120;PSB;Deferido;JUNTOS PELO RIO GRANDE
ELY MANOEL ROSA;ELY MANOEL ROSA DUCE;Deputado Estadual;14610;PTB;Deferido;PTB
EMERSON ALAN PEREIRA RODRIGUES;EMERSON RODRIGUES;Deputado Estadual;33000;PMN;Deferido;PMN
EMERSON ANDREIS SANTAREM;SANTARÉM;Deputado Estadual;65300;PC do B;Deferido;Avançar nas Mudanças
EMILIA THEREZINHA XAVIER FERNANDES;EMILIA FERNANDES;Deputado Estadual;65165;PC do B;Deferido;Avançar nas Mudanças
EMURI DUVAL GONÇALVES;EMURI DUVAL;Deputado Estadual;54053;PPL;Deferido;Avançar nas Mudanças
ENELITA DE FÁTIMA FERNANDES GOMES;ENELITA GOMES;Deputado Estadual;14369;PTB;Deferido;PTB
ENI VEIGA CANARIM;ENI CANARIM;Deputado Estadual;12258;PDT;Deferido;Unidade Democrata Trabalhista
ENILSON SCHEPFF GAMBARRA DA SILVA;TOCO DA GLORIA;Deputado Estadual;50550;PSOL;Deferido;Frente de Esquerda - PSOL / PSTU
ENIO EGON BERGMANN BACCI;ENIO BACCI;Deputado Estadual;12777;PDT;Deferido;Unidade Democrata Trabalhista
ERINELDA RODRIGUES DA SILVA;ERINELDA DA SILVA;Deputado Estadual;43013;PV;Deferido;UNIÃO VERDE ECOLOGICA CRISTÃ
ERNANI GLORIO MARCHIORETTO;NANI DO TUTTI;Deputado Estadual;50199;PSOL;Deferido;Frente de Esquerda - PSOL / PSTU
ERNANI HEBERLE;ERNANI;Deputado Estadual;40789;PSB;Deferido;JUNTOS PELO RIO GRANDE
ERNANI POLO;ERNANI POLO;Deputado Estadual;11411;PP;Deferido;PP
EUGÊNIO DE FREITAS BUENO;EUGÊNIO DE FREITAS;Deputado Estadual;14000;PTB;Deferido;PTB
EVA ROSALINA VIEIRA FAGUNDES;EVA VIEIRA;Deputado Estadual;50111;PSOL;Deferido;Frente de Esquerda - PSOL / PSTU
FABIO ALVES DA SILVEIRA;BINHO;Deputado Estadual;65663;PC do B;Deferido;Avançar nas Mudanças
FABIO DAMAS NEGRINE;FABIO NEGRINE;Deputado Estadual;20211;PSC;Deferido;UNIÃO VERDE ECOLOGICA CRISTÃ
FÁBIO DE OLIVEIRA BRANCO;FÁBIO BRANCO;Deputado Estadual;15550;PMDB;Deferido;PMDB
FAVIO MARCEL TELIS GONZALES;DR. FAVIO TELIS;Deputado Estadual;15555;PMDB;Deferido;PMDB
FELIPE ALEXANDRE KLEIN DIEHL;FELIPE DIEHL;Deputado Estadual;25129;DEM;Deferido;Unidade Democrata Trabalhista
FELISBERTO XAVIER ESPINDOLA NETO;XAVIER ESPINDOLA;Deputado Estadual;43123;PV;Deferido;UNIÃO VERDE ECOLOGICA CRISTÃ
FERNANDA CAMPIOL SILVEIRA;FERNANDA CAMPIOL;Deputado Estadual;10888;PRB;Deferido;Esperança por um Rio Grande Melhor
FERNANDA MELCHIONNA E SILVA;FERNANDA MELCHIONNA;Deputado Estadual;50500;PSOL;Deferido;Frente de Esquerda - PSOL / PSTU
FLAVIA MENDES DA ROSA;FLAVIA MENDES;Deputado Estadual;70900;PT do B;Deferido;Rio Grande Unido Pode Mais
FLAVIA RIBEIRO RAZETTI RODRIGUES;SARGENTO FLAVIA;Deputado Estadual;11455;PP;Deferido;PP
FLÁVIO ANTÔNIO DUTRA RIBEIRO;XAVINHA;Deputado Estadual;14100;PTB;Deferido;PTB
FLAVIO LUIZ LAMMEL;FLAVIO LUIZ LAMMEL;Deputado Estadual;12125;PDT;Deferido;Unidade Democrata Trabalhista
FLÁVIO LUIZ SILVA DE SOUZA;FLAVIO SOUZA;Deputado Estadual;70122;PT do B;Deferido;Rio Grande Unido Pode Mais
FLAVIO VELEDA MACIEL;FLAVIO VIGILANTE;Deputado Estadual;77011;SD;Deferido;Esperança por um Rio Grande Melhor
FLORESMAR ALVES DREHER;MARIO DREHER;Deputado Estadual;51111;PEN;Deferido;UNIÃO VERDE ECOLOGICA CRISTÃ
FRANCIELI RENATA KIEKOW;FRANCIELE KIEKOW;Deputado Estadual;40615;PSB;Indeferido;JUNTOS PELO RIO GRANDE
FRANCIELLY BEATRIZ DE OLIVEIRA;FRANCIELLY OLIVEIRA;Deputado Estadual;43239;PV;Deferido;UNIÃO VERDE ECOLOGICA CRISTÃ
FRANCISCO ALVES DE SOUZA;CARIOCA;Deputado Estadual;51321;PEN;Aguardando julgamento;UNIÃO VERDE ECOLOGICA CRISTÃ
FRANCISCO DE ASSIS DA SILVA MARIANO;CHIQUINHO MARIANO;Deputado Estadual;43043;PV;Deferido;UNIÃO VERDE ECOLOGICA CRISTÃ
FRANCISCO SILVEIRA DA SILVEIRA;CHIQUINHO CARTEIRO;Deputado Estadual;15415;PMDB;Deferido;PMDB
FRED MUNIZ LIMA SOUZA;FRED MUNIZ;Deputado Estadual;17000;PSL;Deferido;Rio Grande Unido Pode Mais
FREDERICO CANTORI ANTUNES;FREDERICO ANTUNES;Deputado Estadual;11122;PP;Deferido;PP
GABRIEL VIEIRA DE SOUZA;GABRIEL SOUZA;Deputado Estadual;15000;PMDB;Deferido;PMDB
GABRIELA CRUZ DA SILVA;GABRIELA CRUZ;Deputado Estadual;45500;PSDB;Deferido;Esperança por um Rio Grande Melhor
GABRIELA MARKUS;GABRIELA MARKUS;Deputado Estadual;15515;PMDB;Deferido;PMDB
GELSON FERNANDES BRAGA;GELSON BRAGA;Deputado Estadual;77222;SD;Deferido;Esperança por um Rio Grande Melhor
GELSON HEURICH;DR. GELSON;Deputado Estadual;43001;PV;Deferido;UNIÃO VERDE ECOLOGICA CRISTÃ
GENI DE LARA;GENI;Deputado Estadual;17456;PSL;Deferido;Rio Grande Unido Pode Mais
GEORGE ANDRE CUNHA MAIA;ANDRE MAIA;Deputado Estadual;20000;PSC;Deferido;UNIÃO VERDE ECOLOGICA CRISTÃ
GERALDO PEREIRA DE MATOS FILHO;MAZAROPI;Deputado Estadual;65183;PC do B;Deferido;Avançar nas Mudanças
GERSON BURMANN;GERSON BURMANN;Deputado Estadual;12312;PDT;Deferido;Unidade Democrata Trabalhista
GERSON LUIS DE BORBA;GERSON BORBA - CHICO;Deputado Estadual;11002;PP;Deferido;PP
GERSON PAULO ROCHA DE MOURA;GERSON DE MOURA;Deputado Estadual;77305;SD;Deferido;Esperança por um Rio Grande Melhor
GÉRSON ROVISCO OLIVEIRA;GÉRSON ROVISCO;Deputado Estadual;43700;PV;Deferido;UNIÃO VERDE ECOLOGICA CRISTÃ
GILBERTO CAPOANI;GILBERTO CAPOANI;Deputado Estadual;15160;PMDB;Deferido;PMDB
GILBERTO PANIZ;GILBERTO PANIZ;Deputado Estadual;54333;PPL;Deferido;Avançar nas Mudanças
GILBERTO SANTOS DA SILVA;BETO CABELEIREIRO;Deputado Estadual;20014;PSC;Deferido;UNIÃO VERDE ECOLOGICA CRISTÃ
GILMAR SOSSELLA;GILMAR SOSSELLA;Deputado Estadual;12333;PDT;Deferido;Unidade Democrata Trabalhista
GILNEI ÂNGELO GROLLI;NEI DO BOLICHO;Deputado Estadual;28028;PRTB;Deferido;PRTB
GILSON ALMEIDA DE BORBA;GILSON BORBA;Deputado Estadual;55000;PSD;Deferido;Rio Grande Unido Pode Mais
GIOVANA PALOMBO SANDRI;GIOVANA SANDRI;Deputado Estadual;11145;PP;Deferido;PP
GIOVANA TEREZINHA DA SILVA ROSA;GIOVANA ROSA;Deputado Estadual;36029;PTC;Deferido;Avançar nas Mudanças
GIOVANE WICKERT;GIOVANE WICKERT;Deputado Estadual;13213;PT;Deferido;PT
GIOVANI RIBEIRO CARUCCIO;GIOVANI CARUCCIO;Deputado Estadual;20200;PSC;Deferido;UNIÃO VERDE ECOLOGICA CRISTÃ
GISELE DE CASSIA FLECK;GISELE;Deputado Estadual;43303;PV;Deferido;UNIÃO VERDE ECOLOGICA CRISTÃ
GISELE GOMES UEQUED;GISELE UEQUED;Deputado Estadual;40940;PSB;Deferido;JUNTOS PELO RIO GRANDE
GLACIR NAZARIO DA SILVEIRA GOMES;GLACIR GOMES;Deputado Estadual;43033;PV;Deferido;UNIÃO VERDE ECOLOGICA CRISTÃ
GLAUCO ADRIANI ALVES GONÇALVES;GLAUCO GONÇALVES (PINTOR);Deputado Estadual;40555;PSB;Deferido;JUNTOS PELO RIO GRANDE
GREICI ALVES SANTOS;GREICI SANTOS;Deputado Estadual;13191;PT;Indeferido;PT
GUILHERME GUILA SEBBEN;GUILA SEBBEN;Deputado Estadual;11123;PP;Deferido;PP
GUIOMAR VIDOR;GUIOMAR VIDOR;Deputado Estadual;65653;PC do B;Deferido;Avançar nas Mudanças
HEBER ARTIGAS ARMUA FRÓS;GAÚCHO DA FRONTEIRA;Deputado Estadual;45544;PSDB;Deferido;Esperança por um Rio Grande Melhor
HECTOR LUIS DAS CHAGAS;BOMBEIRO HECTOR;Deputado Estadual;54193;PPL;Deferido;Avançar nas Mudanças
HELEN MARTINS CABRAL;HELEN CABRAL;Deputado Estadual;13307;PT;Deferido;PT
HÉLIO BRANDÃO DA SILVA;HELIO BRANDÃO;Deputado Estadual;14277;PTB;Deferido;PTB
HERMINIO FARINHA VARGAS;FARINHA;Deputado Estadual;55321;PSD;Deferido;Rio Grande Unido Pode Mais
HILDE JOFRES MOREIRA SARAIVA;HILDE SARAIVA;Deputado Estadual;70500;PT do B;Deferido;Rio Grande Unido Pode Mais
IÁRA MARIA DOS SANTOS LOPES;IÁRA LOPES;Deputado Estadual;14201;PTB;Deferido;PTB
IBSEN VALLS PINHEIRO;IBSEN PINHEIRO;Deputado Estadual;15123;PMDB;Deferido;PMDB
IDIVAR FRANCISCO APPIO;FRANCISCO APPIO;Deputado Estadual;11222;PP;Deferido;PP
IEDA TERESINHA IGNÁCIO FERNANDES;IEDA FERNANDES;Deputado Estadual;77770;SD;Deferido;Esperança por um Rio Grande Melhor
IGOR BICCA ARDAIS;IGOR ARDAIS;Deputado Estadual;11433;PP;Deferido;PP
INDAIA TERESINHA FRAGA;DAIA FRAGA;Deputado Estadual;43888;PV;Deferido;UNIÃO VERDE ECOLOGICA CRISTÃ
IRANY TEIXEIRA NASCIMENTO;IRANY TEIXEIRA NASCIMENTO;Deputado Estadual;11625;PP;Deferido;PP
ITACIR PEGORARO;PEGORARO;Deputado Estadual;55111;PSD;Deferido;Rio Grande Unido Pode Mais
ITAMAR JOSE DA COSTA;PROFESSOR ITAMAR;Deputado Estadual;40112;PSB;Deferido;JUNTOS PELO RIO GRANDE
IVAN DOS SANTOS VAZ;IVAN VAZ;Deputado Estadual;44123;PRP;Deferido;PRP
IVANA DE CARVALHO GROFF;IVANA GROFF;Deputado Estadual;12071;PDT;Deferido;Unidade Democrata Trabalhista
IVANETE TEREZINHA DOS REIS;IVANETE REIS;Deputado Estadual;15011;PMDB;Deferido;PMDB
IVONE ASSMANN;IVONE ASSMANN;Deputado Estadual;40413;PSB;Deferido;JUNTOS PELO RIO GRANDE
IVONE PRESTES;IVONE PRESTES;Deputado Estadual;51545;PEN;Deferido;UNIÃO VERDE ECOLOGICA CRISTÃ
IVONETE DE ANDRADE BUENO;IVONETE BUENO;Deputado Estadual;70600;PT do B;Renúncia;Rio Grande Unido Pode Mais
IZA TEREZINHA FERREIRA DA SILVA;IZAMEL;Deputado Estadual;40777;PSB;Indeferido;JUNTOS PELO RIO GRANDE
IZABEL BEATRIZ GULES FRANCO;IZABEL L'ARYAN;Deputado Estadual;12268;PDT;Deferido;Unidade Democrata Trabalhista
JACOB ALVES RODRIGUES;JACÓ;Deputado Estadual;14236;PTB;Deferido;PTB
JACSANDRO PINHO FARIAS;FIFO;Deputado Estadual;20111;PSC;Deferido;UNIÃO VERDE ECOLOGICA CRISTÃ
JADERSON TOLEDO MARETOLI;PR. JADERSON TOLEDO MARETOLI;Deputado Estadual;14123;PTB;Deferido;PTB
JAIR JOSÉ MARTINS;JAIR MARTINS - JM;Deputado Estadual;20320;PSC;Deferido;UNIÃO VERDE ECOLOGICA CRISTÃ
JAIR ROBERTO JASPER;JAIR JASPER;Deputado Estadual;40125;PSB;Deferido;JUNTOS PELO RIO GRANDE
JAIRES DA SILVA MACIEL;JAIRES MACIEL;Deputado Estadual;17817;PSL;Deferido;Rio Grande Unido Pode Mais
JAISON BARBOSA DOS SANTOS;JAISON BARBOSA;Deputado Estadual;12789;PDT;Deferido;Unidade Democrata Trabalhista
JANE BEATRIZ MARQUES DOS SANTOS;JANE BEATRIZ;Deputado Estadual;43453;PV;Deferido;UNIÃO VERDE ECOLOGICA CRISTÃ
JANUARIO DO VAL NETO;ADÃO DO VALE;Deputado Estadual;45554;PSDB;Indeferido;Esperança por um Rio Grande Melhor
JAQUELINE PEREIRA SILVEIRA;JAQUE SILVEIRA;Deputado Estadual;40200;PSB;Deferido;JUNTOS PELO RIO GRANDE
JEFERSON DA SILVA PIRES;JEFERSON PIRES;Deputado Estadual;77077;SD;Deferido;Esperança por um Rio Grande Melhor
JEFERSON OLIVEIRA FERNANDES;JEFERSON FERNANDES;Deputado Estadual;13120;PT;Deferido;PT
JEFFERSON FRAGA DA SILVA;JEFF FRAGA;Deputado Estadual;50005;PSOL;Deferido;Frente de Esquerda - PSOL / PSTU
JEFFERSON OLEA HOMRICH;JEFFERSON OLEA HOMRICH;Deputado Estadual;14147;PTB;Deferido;PTB
JESUS MACIEL MARTINS;JESUS MARTINS;Deputado Estadual;25500;DEM;Deferido;Unidade Democrata Trabalhista
JOÃO AUGUSTO DE MORAES GOMES;JOÃO AUGUSTO GOMES;Deputado Estadual;16160;PSTU;Deferido;Frente de Esquerda - PSOL / PSTU
JOÃO CARLOS DA SILVA ROSA;JOÃO CARLOS;Deputado Estadual;51051;PEN;Deferido;UNIÃO VERDE ECOLOGICA CRISTÃ
JOÃO CARLOS GERLACK;JOÃO CARLOS GERLACK;Deputado Estadual;43077;PV;Deferido;UNIÃO VERDE ECOLOGICA CRISTÃ
JOÃO CARLOS GONÇALVES DOS SANTOS;JOÃO DA MOTO;Deputado Estadual;13700;PT;Deferido;PT
JOAO EDEGAR PRETTO;EDEGAR PRETTO;Deputado Estadual;13655;PT;Deferido;PT
JOÃO ERVINO FISCHER;JOÃO FISCHER - FIXINHA;Deputado Estadual;11112;PP;Deferido;PP
JOÃO LEONEL DORNELLES;LEONEL DORNELLES;Deputado Estadual;14666;PTB;Deferido;PTB
JOÃO LUIZ MARQUES DORNELLES;DORNELLES;Deputado Estadual;11444;PP;Deferido;PP
JOÃO MANOEL FRONER BICCA;JOÃO MANOEL BICCA;Deputado Estadual;15611;PMDB;Renúncia;PMDB
JOAO MANOEL SENNA FIALHO;JOAO MANOEL SENNA FIALHO;Deputado Estadual;21007;PCB;Deferido;PCB
JOÃO OTÁVIO REINELLI;JOÃO REINELLI;Deputado Estadual;43143;PV;Deferido;UNIÃO VERDE ECOLOGICA CRISTÃ
JOÃO PEDRO ROVERÉ GRILL;JOÃO PEDRO GRILL;Deputado Estadual;40700;PSB;Deferido;JUNTOS PELO RIO GRANDE
JOÃO PEDRO SOUZA NUNES;JOÃO PEDRO;Deputado Estadual;15022;PMDB;Deferido;PMDB
JOÃO VESTENA;JOÃO VESTENA;Deputado Estadual;40150;PSB;Deferido;JUNTOS PELO RIO GRANDE
JOCELEI LUIZ CONSALTER FLÔRES;JOCELEI CONSALTER FLÔRES;Deputado Estadual;23400;PPS;Deferido;JUNTOS PELO RIO GRANDE
JOEL SOUZA DE OLIVEIRA;JOEL OLIVEIRA;Deputado Estadual;11789;PP;Deferido;PP
JOICE PEREIRA ROVISCO;JOICE PEREIRA;Deputado Estadual;43574;PV;Deferido;UNIÃO VERDE ECOLOGICA CRISTÃ
JOMAR FLORINDO SILVEIRA DOS SANTOS;JOMAR SANTOS;Deputado Estadual;27727;PSDC;Deferido;Rio Grande Unido Pode Mais
JONAS KLAUS;KLAUS;Deputado Estadual;33333;PMN;Deferido;PMN
JORGE AUGUSTO TORQUATO ALVES;TORQUATO;Deputado Estadual;54344;PPL;Indeferido;Avançar nas Mudanças
JORGE BARBOSA DE SOUZA;JORGE BARBOSA;Deputado Estadual;17777;PSL;Deferido;Rio Grande Unido Pode Mais
JORGE CLADISTONE POZZOBOM;JORGE POZZOBOM;Deputado Estadual;45678;PSDB;Deferido;Esperança por um Rio Grande Melhor
JORGE DILSON RIGOLI;JORGE RIGOLI;Deputado Estadual;50300;PSOL;Deferido;Frente de Esquerda - PSOL / PSTU
JORGE HORACIO CORREA;JORGE HORACIO;Deputado Estadual;65065;PC do B;Deferido;Avançar nas Mudanças
JORGE ROMEU FONSECA DA SILVA;FONSECA;Deputado Estadual;43456;PV;Indeferido;UNIÃO VERDE ECOLOGICA CRISTÃ
JOSE ANSELMO RODRIGUES;ANSELMO RODRIGUES GOVERNAÇO;Deputado Estadual;12181;PDT;Deferido;Unidade Democrata Trabalhista
JOSE ANTONIO DOS SANTOS DA SILVA;JOSE ANTONIO;Deputado Estadual;77123;SD;Deferido;Esperança por um Rio Grande Melhor
JOSÉ ANTÔNIO JUNIOR FROZZA PALADINI;CATARINA PALADINI;Deputado Estadual;40040;PSB;Deferido;JUNTOS PELO RIO GRANDE
JOSE AUGUSTO ALVES SOARES;JOSE AUGUSTO;Deputado Estadual;54444;PPL;Deferido;Avançar nas Mudanças
JOSÉ AUGUSTO STUMPF DOS REIS;AUGUSTO STUMPF;Deputado Estadual;43567;PV;Deferido;UNIÃO VERDE ECOLOGICA CRISTÃ
JOSE CARLOS RICCARDI GUIMARÃES;CORONEL RICCARDI;Deputado Estadual;11190;PP;Deferido;PP
JOSÉ CLÁUDIO FREITAS CONCEIÇÃO;CLÁUDIO CONCEIÇÃO;Deputado Estadual;25677;DEM;Deferido;Unidade Democrata Trabalhista
JOSE CLEMENTE DA SILVA CORREA;CLEMENTE;Deputado Estadual;13190;PT;Deferido;PT
JOSÉ FERNANDO PADILHA VILANDE;INSPETOR FERNANDO VILANDE;Deputado Estadual;20123;PSC;Deferido;UNIÃO VERDE ECOLOGICA CRISTÃ
JOSE FRANCISCO MALLMANN;DELEGADO MALLMANN;Deputado Estadual;10777;PRB;Deferido;Esperança por um Rio Grande Melhor
JOSE FRANCISCO SANCHOTENE FELICE;SANCHOTENE FELICE;Deputado Estadual;45009;PSDB;Deferido;Esperança por um Rio Grande Melhor
JOSE FRANCISCO SOARES SPEROTTO;SPEROTTO;Deputado Estadual;14714;PTB;Deferido;PTB
JOSE HERMILIO RIBEIRO SERPA;PROF. RIBEIRO SERPA;Deputado Estadual;45186;PSDB;Deferido;Esperança por um Rio Grande Melhor
JOSE LUIZ CENCI;ZÉ CENCI;Deputado Estadual;11386;PP;Deferido;PP
JOSÉ PAULO GRACIOLI;PAULINHO GRACIOLI;Deputado Estadual;40959;PSB;Deferido;JUNTOS PELO RIO GRANDE
JOSÉ RODOLFO MANTOVANI;JOSÉ MANTOVANI;Deputado Estadual;11456;PP;Deferido;PP
JOSÉ SIDNEY NUNES DE ALMEIDA;ZÉ NUNES;Deputado Estadual;13500;PT;Deferido;PT
JOSE SIZENANDO DOS SANTOS LOPES;SIZENANDO;Deputado Estadual;23123;PPS;Aguardando julgamento;JUNTOS PELO RIO GRANDE
JOSE TARCISO DE SOUSA;TARCISO FLECHA NEGRA;Deputado Estadual;55007;PSD;Deferido;Rio Grande Unido Pode Mais
JOSELITA ORRICO GRÜNE;JOSELITA GRÜNE;Deputado Estadual;54065;PPL;Deferido;Avançar nas Mudanças
JOSIANE FRANÇA SANTOS;JOSIANE FRANÇA;Deputado Estadual;28335;PRTB;Deferido;PRTB
JOSIANE MARTINS DOS SANTOS;JOSIANE MARTINS;Deputado Estadual;54001;PPL;Deferido;Avançar nas Mudanças
JOSLAINE DE LIMA DOMINGUES;JOSLAINE DOMINGUES;Deputado Estadual;15103;PMDB;Indeferido;PMDB
JULIANA BRIZOLA;JULIANA BRIZOLA;Deputado Estadual;12001;PDT;Deferido;Unidade Democrata Trabalhista
JULIANO ROSO;JULIANO ROSO;Deputado Estadual;65665;PC do B;Deferido;Avançar nas Mudanças
JÚLIO CESAR SCHMITT GARCIA;JÚLIO GARCIA;Deputado Estadual;13323;PT;Deferido;PT
JULIO CEZAR JORGE MARTINS;JULIO MARTINS;Deputado Estadual;65601;PC do B;Deferido;Avançar nas Mudanças
JULIO GAMALIEL INCHAUSTE PIRES;JULIO BALA;Deputado Estadual;15222;PMDB;Deferido;PMDB
JUNIOR CARLOS PIAIA;PIAIA;Deputado Estadual;65123;PC do B;Deferido;Avançar nas Mudanças
JURANDIR BUCHWEITZ E SILVA;JURANDIR SILVA;Deputado Estadual;50555;PSOL;Deferido;Frente de Esquerda - PSOL / PSTU
JURANDIR MARQUES MACIEL;JURANDIR MACIEL;Deputado Estadual;14567;PTB;Deferido;PTB
JUSSARA POUJEAUX DE SOUZA;JUSSARA SOUZA;Deputado Estadual;20002;PSC;Deferido;UNIÃO VERDE ECOLOGICA CRISTÃ
JUVIR COSTELLA;COSTELLA;Deputado Estadual;15234;PMDB;Deferido;PMDB
KALIL SEHBE NETO;KALIL SEHBE;Deputado Estadual;12345;PDT;Deferido;Unidade Democrata Trabalhista
KALYNKA MICHEL DA SILVA;KALYNKA KUPKA;Deputado Estadual;15300;PMDB;Deferido;PMDB
KAREN ALINE LANNES LOPES;KAREN LANNES;Deputado Estadual;77555;SD;Deferido;Esperança por um Rio Grande Melhor
KATHREIN CRISTIANE SOARES DE CASTRO;KATHREIN CASTRO;Deputado Estadual;77000;SD;Deferido;Esperança por um Rio Grande Melhor
KATIA GRAZIELA AJALA DA ROSA;KATIA AJALA;Deputado Estadual;12168;PDT;Deferido;Unidade Democrata Trabalhista
KÁTIA MARTIL MARQUES;KÁTIA MARQUES;Deputado Estadual;10600;PRB;Deferido;Esperança por um Rio Grande Melhor
KÁTIA REGINA ZUMMACH;KÁTIA ZUMMACH;Deputado Estadual;14001;PTB;Deferido;PTB
KATIUCIA DOS REIS DIAS;KATI DIAS;Deputado Estadual;14445;PTB;Aguardando julgamento;PTB
KEVIN CHAVES KRIEGER;KEVIN KRIEGER;Deputado Estadual;11011;PP;Deferido;PP
KLEITON RENAN RODRIGUES SEDREZ;KLEITON RENAN;Deputado Estadual;77741;SD;Deferido;Esperança por um Rio Grande Melhor
LARISSA SCHMITT GAEDICKE;LARISSA GAEDICKE;Deputado Estadual;14211;PTB;Aguardando julgamento;PTB
LAURA LOUREIRO;IRMÃ LAURA LOUREIRO;Deputado Estadual;20222;PSC;Deferido;UNIÃO VERDE ECOLOGICA CRISTÃ
LAURA SANTOS DOS SANTOS;LAURA SANTOS;Deputado Estadual;28111;PRTB;Deferido;PRTB
LAURA SOARES SITO SILVEIRA;LAURA SITO;Deputado Estadual;13300;PT;Deferido;PT
LAURECI RODRIGUES BELLO;CHICA;Deputado Estadual;28560;PRTB;Deferido;PRTB
LEANDRO ALVES DE ALMEIDA;LEANDRO ALMEIDA;Deputado Estadual;65111;PC do B;Deferido;Avançar nas Mudanças
LEANDRO AUGUSTO BASSO;LEANDRO BASSO;Deputado Estadual;65180;PC do B;Deferido;Avançar nas Mudanças
LEANDRO CLODOVEU VELHO;LEANDRO VELHO;Deputado Estadual;65800;PC do B;Deferido;Avançar nas Mudanças
LEANDRO PEREIRA AGUIRRE;LEANDRO AGUIRRE;Deputado Estadual;77010;SD;Deferido;Esperança por um Rio Grande Melhor
LEANDRO RAMOS CAMBRAIA;LEANDRO CAMBRAIA;Deputado Estadual;50268;PSOL;Deferido;Frente de Esquerda - PSOL / PSTU
LELIO NUNES LOPES FILHO;LELINHO LOPES;Deputado Estadual;13800;PT;Deferido;PT
LENI THOMAZ GOMES;LENI THOMAZ;Deputado Estadual;27456;PSDC;Deferido;Rio Grande Unido Pode Mais
LEO MOTA;LEO MOTA;Deputado Estadual;55678;PSD;Deferido;Rio Grande Unido Pode Mais
LEONARDO SOARES GONÇALVES;LEONARDO GONÇALVES;Deputado Estadual;15900;PMDB;Deferido;PMDB
LEONIR CARDOZO;CARDOZO;Deputado Estadual;11311;PP;Deferido;PP
LETICIA BOLL VARGAS;LETICIA BOLL VARGAS;Deputado Estadual;55055;PSD;Deferido;Rio Grande Unido Pode Mais
LETÍCIA ISABEL CARMINATTI;LETÍCIA CARMINATTI;Deputado Estadual;40171;PSB;Deferido;JUNTOS PELO RIO GRANDE
LEVI LORENZO MELO;DR. LEVI;Deputado Estadual;15800;PMDB;Deferido;PMDB
LIDIANE GONSIOROCKI SILVEIRA;LIDIANE PV;Deputado Estadual;43193;PV;Deferido;UNIÃO VERDE ECOLOGICA CRISTÃ
LINDAMÁLIA RICK ROVÊDA;LINDA RÔVEDA;Deputado Estadual;55525;PSD;Deferido;Rio Grande Unido Pode Mais
LIZABETE MULLER DOS SANTOS;LIZABETE SANTOS;Deputado Estadual;50995;PSOL;Deferido;Frente de Esquerda - PSOL / PSTU
LIZIANE BAYER DA COSTA;LIZIANE BAYER;Deputado Estadual;40414;PSB;Deferido;JUNTOS PELO RIO GRANDE
LOIVA MARIA DE SOUZA LIMA;LOIVA LIMA;Deputado Estadual;43843;PV;Deferido;UNIÃO VERDE ECOLOGICA CRISTÃ
LORENI DA SILVA MACIEL;LORENI MACIEL;Deputado Estadual;13614;PT;Deferido;PT
LUCAS BELLO REDECKER;LUCAS REDECKER;Deputado Estadual;45111;PSDB;Deferido;Esperança por um Rio Grande Melhor
LUCAS GOULARTH DO COLTO;LUCAS GULATH;Deputado Estadual;70444;PT do B;Indeferido;Rio Grande Unido Pode Mais
LUCIA MARIBEL DASSI;LUCIA DASSI;Deputado Estadual;15700;PMDB;Deferido;PMDB
LUCIANA ALVES;LUCIANA;Deputado Estadual;65659;PC do B;Deferido;Avançar nas Mudanças
LUCIANA BARCELOS VAZ;LUCIANA VAZ;Deputado Estadual;51714;PEN;Indeferido;UNIÃO VERDE ECOLOGICA CRISTÃ
LUCIANA DOS SANTOS ALVEZ;LUCIANA ALVEZ;Deputado Estadual;13142;PT;Deferido;PT
LUCIANE FIUSSON SILVEIRA;LÚ FIUSSON;Deputado Estadual;15740;PMDB;Renúncia;PMDB
LUCIANI MENZ;LUCIANE MENZ;Deputado Estadual;70111;PT do B;Deferido;Rio Grande Unido Pode Mais
LUCIANO ELI MARTIN;LUCIANO MARTIN;Deputado Estadual;15050;PMDB;Deferido;PMDB
LUCIANO KORTZ MEDEIROS;LUCIANO MEDEIROS;Deputado Estadual;10110;PRB;Deferido;Esperança por um Rio Grande Melhor
LUCIANO LEAL NÁGERA;LUCIANO NÁGERA;Deputado Estadual;14129;PTB;Deferido;PTB
LUCIANO MELLO DE OLIVEIRA;LUCIANO OLIVEIRA;Deputado Estadual;51225;PEN;Deferido;UNIÃO VERDE ECOLOGICA CRISTÃ
LUCIANO TARCISO DOS SANTOS;LUCIANO TARCISO;Deputado Estadual;20789;PSC;Deferido;UNIÃO VERDE ECOLOGICA CRISTÃ
LUCIO DO PRADO NUNES;LUCIO PRADO;Deputado Estadual;11144;PP;Deferido;PP
LUIS ALBERTO FERREIRA DIAZ;BARA-EXU OLUMIDE BETINHO;Deputado Estadual;13877;PT;Deferido;PT
LUIS ANTONIO LICKS MISSEL MACHADO;LUÍS ANTONIO LICKS M. - TOTO;Deputado Estadual;11220;PP;Deferido;PP
LUÍS AUGUSTO BARCELLOS LARA;LARA;Deputado Estadual;14789;PTB;Deferido;PTB
LUIS FELIPE FROMMING DE MELLO;LUIS FELIPE;Deputado Estadual;55888;PSD;Deferido;Rio Grande Unido Pode Mais
LUIS FELIPE TAVARES MACIEL;LUIS FELIPE MACIEL;Deputado Estadual;43561;PV;Deferido;UNIÃO VERDE ECOLOGICA CRISTÃ
LUÍS OMAR SOLONETO DOS SANTOS;LUIS OMAR;Deputado Estadual;51700;PEN;Deferido;UNIÃO VERDE ECOLOGICA CRISTÃ
LUIS ROGERIO LINK;DR. LINK;Deputado Estadual;13130;PT;Deferido;PT
LUIS ROGERIO MARENCO FERRAN;LUIZ MARENCO;Deputado Estadual;22122;PR;Deferido;Avançar nas Mudanças
LUISA HELENA STERN LENTZ;LUISA STERN;Deputado Estadual;13163;PT;Deferido;PT
LUIZ ALBERTO NEGRINHO DE OLIVEIRA;LUIZ NEGRINHO;Deputado Estadual;22220;PR;Deferido;Avançar nas Mudanças
LUIZ ALBERTO NEGRINHO DE OLIVEIRA JÚNIOR;JR. BELO;Deputado Estadual;43200;PV;Deferido;UNIÃO VERDE ECOLOGICA CRISTÃ
LUIZ CARLOS CASAGRANDE;CASAGRANDE;Deputado Estadual;13666;PT;Deferido;PT
LUIZ CARLOS DO AMARAL;AMARAL;Deputado Estadual;36111;PTC;Deferido;Avançar nas Mudanças
LUIZ FERNANDO MAINARDI;MAINARDI;Deputado Estadual;13555;PT;Deferido;PT
LUIZ FERNANDO VARGAS DE MENEZES;FERNANDO MENEZES;Deputado Estadual;13070;PT;Deferido;PT
LUIZ FILIPE VIEIRA CORREA DE OLIVEIRA;PROFESSOR FILIPE DO UNIFICADO;Deputado Estadual;40222;PSB;Deferido;JUNTOS PELO RIO GRANDE
LUIZ FRANCISCO SPOTORNO;SPOTORNO;Deputado Estadual;13132;PT;Deferido;PT
LUIZ NOE SOUZA SOARES;LUIZ NOÉ;Deputado Estadual;40140;PSB;Deferido;JUNTOS PELO RIO GRANDE
LUIZ PAULO MASSERON PEREZ;LUIZ PAULO;Deputado Estadual;40990;PSB;Deferido;JUNTOS PELO RIO GRANDE
LUIZ RICARDO SALGADO BRAGANÇA;BRAGANÇA;Deputado Estadual;65654;PC do B;Deferido;Avançar nas Mudanças
MAGALI SILVA DE VARGAS;MAGALI VARGAS;Deputado Estadual;20408;PSC;Deferido;UNIÃO VERDE ECOLOGICA CRISTÃ
MAGDA PEREIRA RODRIGUES;MAGDA RODRIGUES;Deputado Estadual;33367;PMN;Aguardando julgamento;PMN
MAICOL FERREIRA FAGUNDES;MAICOL FAGUNDES;Deputado Estadual;50507;PSOL;Deferido;Frente de Esquerda - PSOL / PSTU
MAIKEL DA ROSA GOMES;MAIKEL DA ROSA GOMES;Deputado Estadual;54000;PPL;Deferido;Avançar nas Mudanças
MANIR JOSÉ ZENI;MANIR ZENI;Deputado Estadual;40240;PSB;Deferido;JUNTOS PELO RIO GRANDE
MANOEL CLAUDIO CANDIDO DA SILVA;MANOEL DO GÁS;Deputado Estadual;51511;PEN;Deferido;UNIÃO VERDE ECOLOGICA CRISTÃ
MANOEL RENATO TELES BADKE;MANOEL BADKE (PROF. MANECO);Deputado Estadual;25789;DEM;Deferido;Unidade Democrata Trabalhista
MANUELA PINTO VIEIRA D AVILA;MANUELA D AVILA;Deputado Estadual;65656;PC do B;Deferido;Avançar nas Mudanças
MARA HELENA SILVA E SILVA;MARA HELENA;Deputado Estadual;45545;PSDB;Deferido;Esperança por um Rio Grande Melhor
MARA ROZANA BUENO DE GODOY;MARA;Deputado Estadual;36714;PTC;Deferido;Avançar nas Mudanças
MARCEL VAN HATTEM;MARCEL VAN HATTEM;Deputado Estadual;11022;PP;Deferido;PP
MARCELO ANTONIO BUFON;MARCELO BUFON;Deputado Estadual;70700;PT do B;Deferido;Rio Grande Unido Pode Mais
MARCELO BALBO MUNHÓS TEIXEIRA;MARCELO BALBO TEIXEIRA;Deputado Estadual;40215;PSB;Deferido;JUNTOS PELO RIO GRANDE
MARCELO CARDOSO LEMOS;MARCELO LEMOS;Deputado Estadual;12912;PDT;Deferido;Unidade Democrata Trabalhista
MARCELO DE SOUZA ALLGAYER;DR. MARCELO ALLGAYER;Deputado Estadual;40147;PSB;Deferido;JUNTOS PELO RIO GRANDE
MARCELO PIRES MORAES;MARCELO MORAES;Deputado Estadual;14114;PTB;Deferido;PTB
MARCELO REMIÃO FRANCIOSI;MARCELO FRANCIOSI;Deputado Estadual;11125;PP;Deferido;PP
MARCELO SANTOS DE ABREU;MARCELO ABREU O PANDEIRINHO;Deputado Estadual;50456;PSOL;Deferido;Frente de Esquerda - PSOL / PSTU
MARCELO VASCONCELLOS BENITES;PROFESSOR MARCELO BENITES;Deputado Estadual;17017;PSL;Indeferido;Rio Grande Unido Pode Mais
MARCELO ZAPPE BISOGNO;MARCELO ZAPPE BISOGNO;Deputado Estadual;12012;PDT;Deferido;Unidade Democrata Trabalhista
MARCIA ALEXANDRINA FLORES VALLENOTT;ALEXANDRINA FLORES;Deputado Estadual;11777;PP;Deferido;PP
MARCIA HELENA CALLE PICOLI;MARCIA PICOLI;Deputado Estadual;77001;SD;Deferido;Esperança por um Rio Grande Melhor
MARCIA MUELLER MEDEIROS;MARCIA MUELLER;Deputado Estadual;12369;PDT;Deferido;Unidade Democrata Trabalhista
MÁRCIA PEDRAZZI FUMAGALLI;MÁRCIA PEDRAZZI FUMAGALLI;Deputado Estadual;14999;PTB;Deferido;PTB
MARCIEL FAURI BERGMANN;MANINHO FAURI;Deputado Estadual;13789;PT;Deferido;PT
MARCIO ADRIANO CANTELLI ESPINDOLA;MARCIO ESPINDOLA;Deputado Estadual;13077;PT;Deferido;PT
MARCIO DA MOTTA CORREA;MARMOTHA;Deputado Estadual;11192;PP;Deferido;PP
MARCIO FERREIRA BINS ELY;MARCIO BINS ELY;Deputado Estadual;12000;PDT;Deferido;Unidade Democrata Trabalhista
MARCIO GERALDO DOS SANTOS;MARCIO SANTOS;Deputado Estadual;51550;PEN;Indeferido;UNIÃO VERDE ECOLOGICA CRISTÃ
MÁRCIO LUIZ TASSI;TASSI;Deputado Estadual;14555;PTB;Deferido;PTB
MÁRCIO MIGUEL MÜLLER;MÁRCIO MÜLLER;Deputado Estadual;14713;PTB;Deferido;PTB
MARCO ANTONIO DOS SANTOS PORTO ALEGRE;MARCOS PORTO ALEGRE;Deputado Estadual;28050;PRTB;Deferido;PRTB
MARCO ANTONIO LANG;MARQUINHO LANG;Deputado Estadual;10255;PRB;Deferido;Esperança por um Rio Grande Melhor
MARCO AURELIO CUNHA SANTOS;KEIO SANTOS;Deputado Estadual;77630;SD;Deferido;Esperança por um Rio Grande Melhor
MARCO AURELIO DE BARROS;MARCO AURELIO;Deputado Estadual;50777;PSOL;Deferido;Frente de Esquerda - PSOL / PSTU
MARCOS ANTONIO DANELUZ;MARCOS DANELUZ;Deputado Estadual;13010;PT;Deferido;PT
MARCOS CÉSAR FERMINO;MARQUINHOS;Deputado Estadual;70999;PT do B;Deferido;Rio Grande Unido Pode Mais
MARCOS FANTINELI CALEGARI;CALEGARI;Deputado Estadual;15333;PMDB;Deferido;PMDB
MARCOS LEANDRO GREFF MONTEIRO;PROF. MARCOS MONTEIRO;Deputado Estadual;43100;PV;Deferido;UNIÃO VERDE ECOLOGICA CRISTÃ
MARCOS VINICIO DE SOUZA ANERIS;MAJOR ANERIS;Deputado Estadual;55777;PSD;Deferido;Rio Grande Unido Pode Mais
MARCOS VINICIO GARCIA DE AZEREDO;MARCÃO AZEREDO;Deputado Estadual;12244;PDT;Deferido;Unidade Democrata Trabalhista
MARCUS FLÁVIO JARDIM FERNANDES;MARCUS FLÁVIO;Deputado Estadual;28333;PRTB;Deferido;PRTB
MARCUS VINICIUS VIEIRA DE ALMEIDA;MARCUS VINICIUS;Deputado Estadual;11211;PP;Deferido;PP
MARGARETE SANTOS DE SOUZA;MARGARETE MARTELLO;Deputado Estadual;25022;DEM;Deferido;Unidade Democrata Trabalhista
MARI GLAI GODOY MENDES;MARI GODOY;Deputado Estadual;15148;PMDB;Deferido;PMDB
MARIA CONCEIÇÃO DA ROSA;CONCEIÇÃO;Deputado Estadual;40620;PSB;Deferido;JUNTOS PELO RIO GRANDE
MARIA DA GRAÇA AMARAL TURCO;MARIA DA GRAÇA;Deputado Estadual;40730;PSB;Deferido;JUNTOS PELO RIO GRANDE
MARIA DE CONTO ZOTTI;MARIA ZOTTI;Deputado Estadual;51057;PEN;Aguardando julgamento;UNIÃO VERDE ECOLOGICA CRISTÃ
MARIA DE LOURDES BAUERMANN;MARIA DE LOURDES BAUERMANN;Deputado Estadual;11000;PP;Deferido;PP
MARIA EDILIA CAMARGO JABLONSKI;EDILIA JABLONSKI;Deputado Estadual;17117;PSL;Deferido;Rio Grande Unido Pode Mais
MARIA EUNICE PACHECO;Mª EUNICE PACHECO;Deputado Estadual;12111;PDT;Aguardando julgamento;Unidade Democrata Trabalhista
MARIA FATIMA BILLIG SCHIRMER;FATIMA SCHIRMER;Deputado Estadual;15020;PMDB;Deferido;PMDB
MARIA HELENA SARTORI;MARIA HELENA SARTORI;Deputado Estadual;15140;PMDB;Deferido;PMDB
MARIA ISABEL DUARTE DE OLIVEIRA;MARIA OLIVEIRA;Deputado Estadual;70666;PT do B;Aguardando julgamento;Rio Grande Unido Pode Mais
MARIA LUCEMAR RODRIGUES;LUCI;Deputado Estadual;14258;PTB;Deferido;PTB
MARIA LUIZA DE CANDIDO;MARIA LUIZA;Deputado Estadual;44122;PRP;Deferido;PRP
MARIA MANOELA NUNES;MANOELA NUNES;Deputado Estadual;11048;PP;Deferido;PP
MARIA SALETE ARPINI;SALETE ARPINI;Deputado Estadual;15999;PMDB;Deferido;PMDB
MARIÂNGELA RIGOBELLO;MARIÂNGELA RIGOBELLO;Deputado Estadual;14757;PTB;Renúncia;PTB
MARILEI XIMENDES DE ARAUJO;MARILEI DE ARAUJO;Deputado Estadual;13031;PT;Deferido;PT
MARINEZ RAUPP MONTEIRO;MARINEZ RAUPP;Deputado Estadual;43020;PV;Deferido;UNIÃO VERDE ECOLOGICA CRISTÃ
MARIO GONÇALVES;MARIO DO METRÔ;Deputado Estadual;20212;PSC;Deferido;UNIÃO VERDE ECOLOGICA CRISTÃ
MARIO JARDEL ALMEIDA RIBEIRO;JARDEL CENTROAVANTE;Deputado Estadual;55016;PSD;Deferido;Rio Grande Unido Pode Mais
MARISA DOS SANTOS TELEXA;MARISA TELEXA;Deputado Estadual;65789;PC do B;Deferido;Avançar nas Mudanças
MARISA VIRGINIA FORMOLO DALLA VECCHIA;MARISA FORMOLO;Deputado Estadual;13123;PT;Deferido;PT
MARISIANE ROZA ARAUJO;MARISIANE ROZA ARAUJO;Deputado Estadual;45385;PSDB;Deferido;Esperança por um Rio Grande Melhor
MARISTELA JOSIANI PAZ;JOSI PAZ;Deputado Estadual;40004;PSB;Deferido;JUNTOS PELO RIO GRANDE
MARLISE PAZ DOS SANTOS;MARLISE PAZ;Deputado Estadual;50470;PSOL;Deferido;Frente de Esquerda - PSOL / PSTU
MARLON ARATOR SANTOS DA ROSA;MARLON SANTOS;Deputado Estadual;12512;PDT;Deferido;Unidade Democrata Trabalhista
MARTINS LUIZ DA SILVA;MARTINS LUIZ DA SILVA;Deputado Estadual;27000;PSDC;Deferido;Rio Grande Unido Pode Mais
MATTEO ROTA CHIARELLI;MATTEO CHIARELLI;Deputado Estadual;25222;DEM;Deferido;Unidade Democrata Trabalhista
MAURICIO ALEXANDRE DZIEDRICKI;MAURICIO DZIEDRICKI;Deputado Estadual;14777;PTB;Deferido;PTB
MAURICIO ANDERSON AMARAL;MAURICIO AMARAL;Deputado Estadual;51333;PEN;Aguardando julgamento;UNIÃO VERDE ECOLOGICA CRISTÃ
MAURICIO FONTELA VITORIA;MAURICIO VITORIA;Deputado Estadual;17125;PSL;Deferido;Rio Grande Unido Pode Mais
MAURÍCIO ROGÉRIO DE MEDEIROS TONOLHER;MAURÍCIO MEDEIROS;Deputado Estadual;15001;PMDB;Deferido;PMDB
MAURO CESAR ZACHER;MAURO ZACHER;Deputado Estadual;12180;PDT;Deferido;Unidade Democrata Trabalhista
MAURO FETT SPARTA DE SOUZA;DR. MAURO SPARTA;Deputado Estadual;25025;DEM;Deferido;Unidade Democrata Trabalhista
MAURO LUIZ PETRY;MAURO PETRY;Deputado Estadual;77777;SD;Deferido;Esperança por um Rio Grande Melhor
MAURO ROBERTO LOPES SARAIVA JUNIOR;MAURO SARAIVA JUNIOR;Deputado Estadual;45555;PSDB;Deferido;Esperança por um Rio Grande Melhor
MICHAEL DA SILVA COSTA;MAICON COSTA;Deputado Estadual;14014;PTB;Deferido;PTB
MICHELE DOS SANTOS BETEGA BATALHA;MICHELLE BETEGA;Deputado Estadual;20605;PSC;Deferido;UNIÃO VERDE ECOLOGICA CRISTÃ
MIGUEL CONSTANTINO ROSSO BIANCHINI;MIGUEL BIANCHINI;Deputado Estadual;54999;PPL;Deferido;Avançar nas Mudanças
MIRIAM PAZ GARCEZ MARRONI;MIRIAM MARRONI;Deputado Estadual;13631;PT;Deferido;PT
MIRIAN DALVA VARGAS DOS SANTOS;CANTORA MIRIAN SANTOS;Deputado Estadual;17500;PSL;Deferido;Rio Grande Unido Pode Mais
MIRO JESSE;MIRO JESSE;Deputado Estadual;23000;PPS;Deferido;JUNTOS PELO RIO GRANDE
MOACIR ANTONIO CAMERINI;MOACIR CAMERINI;Deputado Estadual;13007;PT;Renúncia;PT
MOISES DOS REIS MACHADO;MOISES MACHADO;Deputado Estadual;11774;PP;Deferido;PP
MONICA DIAS CONCEIÇÃO;MONICA DIAS;Deputado Estadual;13751;PT;Deferido;PT
NADEGE DE MATOS NIEMEYER;NADEGE;Deputado Estadual;40020;PSB;Deferido;JUNTOS PELO RIO GRANDE
NARA ISABEL OSTELLO;NARA OSTELO;Deputado Estadual;12024;PDT;Deferido;Unidade Democrata Trabalhista
NATIA CHAGAS OLIZ;NATIA OLIZ;Deputado Estadual;12069;PDT;Deferido;Unidade Democrata Trabalhista
NEIVA ELISABETE TEIXEIRA LOPES;SD. NEIVA LOPES;Deputado Estadual;11666;PP;Deferido;PP
NEIVA INÊS LAZZAROTTO;NEIVA LAZZAROTTO;Deputado Estadual;50444;PSOL;Deferido;Frente de Esquerda - PSOL / PSTU
NEIVA TERESINHA MARQUES;KELLY MORAES;Deputado Estadual;14214;PTB;Deferido;PTB
NELCIR REIMUNDO TESSARO;TESSARO;Deputado Estadual;55555;PSD;Deferido;Rio Grande Unido Pode Mais
NELSON BRAMBILA;NELSON BRAMBILA - NELSINHO;Deputado Estadual;77888;SD;Deferido;Esperança por um Rio Grande Melhor
NELSON HARTER FILHO;NELSON HARTER;Deputado Estadual;15602;PMDB;Deferido;PMDB
NELSON LUIZ DA SILVA;NELSINHO METALÚRGICO;Deputado Estadual;13630;PT;Deferido;PT
NELSON SOARES DE ALMEIDA JUNIOR;JUNIOR;Deputado Estadual;54854;PPL;Deferido;Avançar nas Mudanças
NELSON SPOLAOR;NELSON SPOLAOR;Deputado Estadual;13000;PT;Deferido;PT
NELSON TERRES NAIBERT;NELSON NAIBERT;Deputado Estadual;40010;PSB;Deferido;JUNTOS PELO RIO GRANDE
NESTOR DE AZEREDO;NESTOR;Deputado Estadual;40680;PSB;Deferido;JUNTOS PELO RIO GRANDE
NESTOR PEDRO SCHWERTNER;NESTOR SCHWERTNER;Deputado Estadual;13413;PT;Deferido;PT
NEUSA KEMPFER;NEUSA KEMPFER;Deputado Estadual;15115;PMDB;Deferido;PMDB
NICELLI BROCARDO PEDROSO;NICELLI BROCARDO;Deputado Estadual;14002;PTB;Deferido;PTB
NOELI AFONSO AIRES;LILI;Deputado Estadual;10318;PRB;Deferido;Esperança por um Rio Grande Melhor
NORIS VIANNA SOARES;NORIS VIANNA;Deputado Estadual;54549;PPL;Indeferido;Avançar nas Mudanças
NUBIA REGINA CALDAS DE SOUZA;NUBIA DO POSTO;Deputado Estadual;65192;PC do B;Deferido;Avançar nas Mudanças
ODAIR LUIZ FERNANDO;ODAIR FERNANDES;Deputado Estadual;70321;PT do B;Deferido;Rio Grande Unido Pode Mais
OLDAIR BIANCHI;OLDAIR BIANCHI;Deputado Estadual;40550;PSB;Deferido;JUNTOS PELO RIO GRANDE
OLGA TERESINHA CRUZ DE OLIVEIRA;OLGA OLIVEIRA;Deputado Estadual;40520;PSB;Deferido;JUNTOS PELO RIO GRANDE
ORDELI SAVEDRA GOMES;CORONEL ORDELI;Deputado Estadual;40190;PSB;Deferido;JUNTOS PELO RIO GRANDE
ORILDE CAMBRI;ORILDE CAMBRI;Deputado Estadual;13610;PT;Indeferido;PT
OSMAR LUIZ OLIVEIRA DA SILVA JÚNIOR;OSMAR JÚNIOR;Deputado Estadual;43000;PV;Deferido;UNIÃO VERDE ECOLOGICA CRISTÃ
OSMAR SEVERO;OSMAR SEVERO;Deputado Estadual;65655;PC do B;Deferido;Avançar nas Mudanças
OSVALDO PADILHA;OSVALDO PADILHA;Deputado Estadual;51777;PEN;Aguardando julgamento;UNIÃO VERDE ECOLOGICA CRISTÃ
OSVALDO TOMAZI;OSVALDO TOMAZI;Deputado Estadual;20020;PSC;Deferido;UNIÃO VERDE ECOLOGICA CRISTÃ
OTTO ALBINO GERHARDT NETO;OTTO GERHARDT;Deputado Estadual;13011;PT;Deferido;PT
OZEIAS DA SILVA CARDOSO;OZÉIAS CARDOSO;Deputado Estadual;15815;PMDB;Deferido;PMDB
PABLO SEBASTIAN ANDRADE DE MELO;PABLO MELO;Deputado Estadual;15686;PMDB;Deferido;PMDB
PATRICIA DA COSTA ARAUJO;PATRICIA ARAUJO;Deputado Estadual;14077;PTB;Indeferido;PTB
PAULINO DE MOURA;ALEMÃO PAPAI NOEL;Deputado Estadual;77670;SD;Deferido;Esperança por um Rio Grande Melhor
PAULO AIRTON DENARDIN;PAULO DENARDIN;Deputado Estadual;11620;PP;Deferido;PP
PAULO CESAR DA SILVA;PAULO CESAR;Deputado Estadual;65533;PC do B;Deferido;Avançar nas Mudanças
PAULO CESAR DOS SANTOS BRUM;PAULO BRUM;Deputado Estadual;14122;PTB;Deferido;PTB
PAULO CESAR SANTOS MACIEL;PC MACIEL;Deputado Estadual;40160;PSB;Deferido;JUNTOS PELO RIO GRANDE
PAULO HENRIQUE DOS SANTOS;PAULO HENRIQUE;Deputado Estadual;43111;PV;Deferido;UNIÃO VERDE ECOLOGICA CRISTÃ
PAULO HOMERO PEDROZO D ORNELLAS;PAULO HOMERO;Deputado Estadual;15666;PMDB;Deferido;PMDB
PAULO ODONE CHAVES DE ARAUJO RIBEIRO;PAULO ODONE;Deputado Estadual;23023;PPS;Deferido;JUNTOS PELO RIO GRANDE
PAULO ORLEI ALVES DE SOUZA;NETO FURACÃO;Deputado Estadual;36789;PTC;Deferido;Avançar nas Mudanças
PAULO OTAVIO CUPERTINO SILVA;PAULO OTAVIO;Deputado Estadual;17789;PSL;Deferido;Rio Grande Unido Pode Mais
PAULO REMI SILVEIRA MARTINS;PAULINHO DA FARMÁCIA;Deputado Estadual;14300;PTB;Deferido;PTB
PAULO ROBERTO DA SILVA;PAULO OPUS DEI;Deputado Estadual;15111;PMDB;Deferido;PMDB
PAULO ROBERTO DORNELLES BORGES;PAULO BORGES;Deputado Estadual;25000;DEM;Deferido;Unidade Democrata Trabalhista
PAULO ROBERTO MARTINS DE OLIVEIRA;PAULO MANO;Deputado Estadual;50150;PSOL;Deferido;Frente de Esquerda - PSOL / PSTU
PAULO SCHAEFER;PAULINHO DOS QUADROS;Deputado Estadual;54013;PPL;Deferido;Avançar nas Mudanças
PAULO SÉRGIO WELLER;PAULO WELLER;Deputado Estadual;16101;PSTU;Deferido;Frente de Esquerda - PSOL / PSTU
PEDRO BANDARRA WESTPHALEN;PEDRO WESTPHALEN;Deputado Estadual;11233;PP;Deferido;PP
PEDRO ERNESTO ENDERLE;PEDRINHO;Deputado Estadual;43113;PV;Deferido;UNIÃO VERDE ECOLOGICA CRISTÃ
PEDRO LUIS SANTOS DA SILVA;PEDRO SILVA;Deputado Estadual;43021;PV;Deferido;UNIÃO VERDE ECOLOGICA CRISTÃ
PEDRO LUIZ FAGUNDES RUAS;PEDRO RUAS;Deputado Estadual;50000;PSOL;Deferido;Frente de Esquerda - PSOL / PSTU
PEDRO OZORIO PEREIRA;PEDRO PEREIRA;Deputado Estadual;45600;PSDB;Deferido;Esperança por um Rio Grande Melhor
PEDRO REUS RIBEIRO NARDES;PEDRO REUS NARDES;Deputado Estadual;11045;PP;Deferido;PP
PERCI PEREIRA;PASTOR PERCI;Deputado Estadual;17612;PSL;Deferido;Rio Grande Unido Pode Mais
PERCIVAL SOUZA DE OLIVEIRA;PERCIVAL;Deputado Estadual;15005;PMDB;Renúncia;PMDB
QUELIN CRISTINE DA SILVA VARGAS;QUELIN CRISTINE;Deputado Estadual;11321;PP;Aguardando julgamento;PP
QUERTINA HEITOR ELZ;QUÉRTINA;Deputado Estadual;50019;PSOL;Deferido;Frente de Esquerda - PSOL / PSTU
RAFAEL ACOSTA AMARAL;RAFAEL AMARAL;Deputado Estadual;11066;PP;Deferido;PP
RAFAEL BORTOLUZZI;RAFAEL BORTOLUZZI;Deputado Estadual;11999;PP;Deferido;PP
RAFAEL DA SILVA ALVES;RAFAEL ALVES;Deputado Estadual;77800;SD;Deferido;Esperança por um Rio Grande Melhor
RAFAEL DA SILVA FARIAS;RAFAEL FARIAS;Deputado Estadual;43051;PV;Deferido;UNIÃO VERDE ECOLOGICA CRISTÃ
RAFAEL LINCK MOEHLECKE;RAFAEL LINCK;Deputado Estadual;50001;PSOL;Deferido;Frente de Esquerda - PSOL / PSTU
RAFAEL MALCORRA BUENO;RAFAEL BUENO;Deputado Estadual;65190;PC do B;Deferido;Avançar nas Mudanças
RAIZER SILVA FERREIRA;RAIZER;Deputado Estadual;70000;PT do B;Deferido;Rio Grande Unido Pode Mais
RANOLFO VIEIRA JÚNIOR;DELEGADO RANOLFO;Deputado Estadual;14007;PTB;Deferido;PTB
RAQUEL JOSIANE OLIVEIRA DA SILVA;RAQUEL OLIVEIRA;Deputado Estadual;25015;DEM;Deferido;Unidade Democrata Trabalhista
RAUL CASSEL;RAUL CASSEL;Deputado Estadual;15612;PMDB;Deferido;PMDB
RAUL HERPICH;RAUL HERPICH;Deputado Estadual;11001;PP;Deferido;PP
RAUL TORELLY FRAGA;DR RAUL;Deputado Estadual;15888;PMDB;Deferido;PMDB
REGINA MARIA BECKER;REGINA BECKER FORTUNATI;Deputado Estadual;12580;PDT;Deferido;Unidade Democrata Trabalhista
REGINETE SOUZA BISPO;REGINETE BISPO;Deputado Estadual;13477;PT;Deferido;PT
REJANE MATTOS TEIXEIRA;REJANE TEIXEIRA;Deputado Estadual;27234;PSDC;Deferido;Rio Grande Unido Pode Mais
RENATO FERNANDES RIBEIRO;RENATO RIBEIRO;Deputado Estadual;50007;PSOL;Deferido;Frente de Esquerda - PSOL / PSTU
RENATO MELLO KRUEL;RENATO KRUEL;Deputado Estadual;14109;PTB;Deferido;PTB
RENE LUIZ CECCONELLO;RENE CECCONELLO;Deputado Estadual;13001;PT;Deferido;PT
RICARDO HEINZ;RICARDO HEINZ;Deputado Estadual;51223;PEN;Deferido;UNIÃO VERDE ECOLOGICA CRISTÃ
RICARDO HELBLING BEATRICI;RICARDO HELBLING BEATRICI;Deputado Estadual;45044;PSDB;Deferido;Esperança por um Rio Grande Melhor
RICARDO HOWES CARPES;RICARDO CARPES;Deputado Estadual;13131;PT;Deferido;PT
RICARDO MUZI DA SILVA;RICARDO MUZI;Deputado Estadual;14614;PTB;Deferido;PTB
RICARDO RAFAEL BARKFELD;RICARDO BARKFELD;Deputado Estadual;51222;PEN;Aguardando julgamento;UNIÃO VERDE ECOLOGICA CRISTÃ
RICARDO ROBERSON RIVERO;ENFERMEIRO RICARDO;Deputado Estadual;40030;PSB;Deferido;JUNTOS PELO RIO GRANDE
RITA DE CASSIA MARQUES GENRO;RITA GENRO;Deputado Estadual;40330;PSB;Deferido;JUNTOS PELO RIO GRANDE
RITA ELAINE DA SILVA BORGES;RITA BORGES;Deputado Estadual;11611;PP;Deferido;PP
ROBERTA REGINATO;ROBERTA REGINATO;Deputado Estadual;15400;PMDB;Deferido;PMDB
ROBERTO ALVES CORREA;ROBERTO DA PRIME;Deputado Estadual;70007;PT do B;Deferido;Rio Grande Unido Pode Mais
ROBERTO CARVALHO DE ANDRADE;ROBERTO ANDRADE;Deputado Estadual;11617;PP;Deferido;PP
ROBERTO CESAR PIRES CAMARGO;BETO PIRES;Deputado Estadual;15015;PMDB;Deferido;PMDB
ROBERTO LUNELLI;LUNELLI;Deputado Estadual;13913;PT;Deferido;PT
ROBSON SA DA COSTA;ROBINHO;Deputado Estadual;15033;PMDB;Deferido;PMDB
ROCHELE MOG DOS SANTOS;ROCHELE MOG;Deputado Estadual;31121;PHS;Deferido;Rio Grande Unido Pode Mais
RODRIGO MORAES;RODRIGO MORAES;Deputado Estadual;51000;PEN;Aguardando julgamento;UNIÃO VERDE ECOLOGICA CRISTÃ
RODRIGO MOREIRA BELTRAO;RODRIGO BELTRAO;Deputado Estadual;13333;PT;Deferido;PT
RODRIGO SISNANDES PEREIRA;RODRIGO;Deputado Estadual;15002;PMDB;Deferido;PMDB
ROGER DANIEL CORREA;ROGER CORREA;Deputado Estadual;65651;PC do B;Deferido;Avançar nas Mudanças
ROGERIO NARDELI KOHLRAUSCH;ROGERIO;Deputado Estadual;15522;PMDB;Deferido;PMDB
ROMEU TADEU BISCHOFF;ROMEU BISCHOFF - O MERGULHADOR;Deputado Estadual;43500;PV;Deferido;UNIÃO VERDE ECOLOGICA CRISTÃ
RONALDO SANTINI;RONALDO SANTINI;Deputado Estadual;14470;PTB;Deferido;PTB
ROQUE DICK;ROQUE DICK;Deputado Estadual;25425;DEM;Deferido;Unidade Democrata Trabalhista
ROQUE LUIS NAUMANN;ROQUE LUIS NAUMANN;Deputado Estadual;11555;PP;Deferido;PP
ROSA ALBINA DA SILVA VARGAS;NIKITTA VARGAS;Deputado Estadual;14197;PTB;Deferido;PTB
ROSA MARIA GRASSMANN KULZER;ROSA GRASSMANN KULZER;Deputado Estadual;11811;PP;Deferido;PP
ROSANE FERNANDES FERREIRA;ROSANE FERREIRA;Deputado Estadual;12023;PDT;Renúncia;Unidade Democrata Trabalhista
ROSANGELA CICILIANI VENTURA;ROSE VENTURA;Deputado Estadual;45045;PSDB;Indeferido;Esperança por um Rio Grande Melhor
ROSANI MARIA FIN FLORES;ROSANI FIN FLORES;Deputado Estadual;11600;PP;Deferido;PP
ROSE MARY LEITE PICANCO;ROSE PICANCO;Deputado Estadual;54548;PPL;Deferido;Avançar nas Mudanças
ROSEMARIE STEIN;ROSEMARIE STEIN;Deputado Estadual;15216;PMDB;Aguardando julgamento;PMDB
ROSIMÉRI SILVA XAVIER;ROSI;Deputado Estadual;40066;PSB;Deferido;JUNTOS PELO RIO GRANDE
ROZELIO CAMARGO DOS SANTOS JUNIOR;ROZELIO CAMARGO;Deputado Estadual;20999;PSC;Deferido;UNIÃO VERDE ECOLOGICA CRISTÃ
RUBENS MILLMAN;DR RUBENS MILLMAN;Deputado Estadual;14321;PTB;Indeferido;PTB
RUBILAR BORGES TAVARES JUNIOR;JUQUINHA;Deputado Estadual;40678;PSB;Deferido;JUNTOS PELO RIO GRANDE
SANDRA BEATRIZ BARBOZA DE LIMA;SANDRA LIMA;Deputado Estadual;51444;PEN;Indeferido;UNIÃO VERDE ECOLOGICA CRISTÃ
SANDRA MARA CLAVE;SANDRA CLAVE;Deputado Estadual;13760;PT;Indeferido;PT
SANDRA REGINA DUTRA SERAFIM;SANDRA SERAFIN;Deputado Estadual;15350;PMDB;Deferido;PMDB
SANDRA REGINA KAMINSKI ROCHA;SANDRA ROCHA;Deputado Estadual;51010;PEN;Deferido;UNIÃO VERDE ECOLOGICA CRISTÃ
SANDRO CARLOS SOTILLI;SANDRO SOTILLI;Deputado Estadual;40009;PSB;Deferido;JUNTOS PELO RIO GRANDE
SANDRO EDUARDO DE CAMPOS;SANDRO GASOLINA;Deputado Estadual;28888;PRTB;Deferido;PRTB
SANDRO GUIMARÃES PALMA;SANDRO PALMA;Deputado Estadual;14444;PTB;Renúncia;PTB
SANTO SALVADOR AIRES;SANTO AIRES;Deputado Estadual;20017;PSC;Deferido;UNIÃO VERDE ECOLOGICA CRISTÃ
SARA FERREIRA SCARSI;SARA - SARA FERREIRA;Deputado Estadual;45456;PSDB;Deferido;Esperança por um Rio Grande Melhor
SEBASTIÃO FALKEMBACH RIBEIRO;SEBATIÃO RIBEIRO;Deputado Estadual;54470;PPL;Deferido;Avançar nas Mudanças
SEDINEI CATAFESTA;CATAFESTA;Deputado Estadual;90000;PROS;Deferido;Avançar nas Mudanças
SERGIO ANTONIO KUMPFER;SERGINHO;Deputado Estadual;13100;PT;Deferido;PT
SERGIO BERGONSI TURRA;SERGIO TURRA;Deputado Estadual;11333;PP;Deferido;PP
SÉRGIO LUIS STASINSKI;SÉRGIO STASINSKI;Deputado Estadual;43900;PV;Deferido;UNIÃO VERDE ECOLOGICA CRISTÃ
SERGIO LUIZ KNIPHOFF;SERGIO KNIPHOFF;Deputado Estadual;13714;PT;Deferido;PT
SERGIO PANASUK;SERGIO PANASUK;Deputado Estadual;55510;PSD;Deferido;Rio Grande Unido Pode Mais
SERGIO PERES ALÓS;SERGIO PERES;Deputado Estadual;10300;PRB;Deferido;Esperança por um Rio Grande Melhor
SHAUANA MACHADO LUCAS;SHAUANA MACHADO;Deputado Estadual;17444;PSL;Deferido;Rio Grande Unido Pode Mais
SHERELIA BEATRIZ BALIERO AREVALO;SHERELIA BEATRIZ;Deputado Estadual;14017;PTB;Deferido;PTB
SIANA COSTA DA SILVEIRA;PROFESSORA SIANA;Deputado Estadual;40456;PSB;Deferido;JUNTOS PELO RIO GRANDE
SILMAR DE MELO;SILMAR DE MELO;Deputado Estadual;17011;PSL;Deferido;Rio Grande Unido Pode Mais
SILVANA DE OLIVEIRA PEREIRA;SILVANA PEREIRA;Deputado Estadual;12200;PDT;Deferido;Unidade Democrata Trabalhista
SILVANA MARIA FRANCISCATO COVATTI;SILVANA COVATTI;Deputado Estadual;11111;PP;Deferido;PP
SILVANA MARIA KAMINSKI;SILVANA KAMINSKI;Deputado Estadual;27827;PSDC;Deferido;Rio Grande Unido Pode Mais
SILVANO EZEQUIEL RODRIGUES WELTER;PR EZEQUIEL;Deputado Estadual;20700;PSC;Deferido;UNIÃO VERDE ECOLOGICA CRISTÃ
SILVIA CRISTINA DA ROSA SOARES;TENENTE SILVIA;Deputado Estadual;40019;PSB;Deferido;JUNTOS PELO RIO GRANDE
SILVIO JOSE KRAMER DE CASTILHOS;SILVIO CASTILHOS;Deputado Estadual;51120;PEN;Aguardando julgamento;UNIÃO VERDE ECOLOGICA CRISTÃ
SIRLEI BLANCO DOS SANTOS;SHIRLEY BLANCO;Deputado Estadual;15650;PMDB;Renúncia;PMDB
SIRLENE KAIPER DUARTE;SIRLENE DA SAÚDE;Deputado Estadual;90123;PROS;Deferido;Avançar nas Mudanças
SOFIA CAVEDON NUNES;SOFIA CAVEDON;Deputado Estadual;13400;PT;Deferido;PT
SOLANGE DE FARIAS RIBEIRO;SOLANGE RIBEIRO - SOL;Deputado Estadual;77707;SD;Deferido;Esperança por um Rio Grande Melhor
SOLANGE QUADROS DOS SANTOS;SOLANGE QUADROS DO SANTOS;Deputado Estadual;70043;PT do B;Deferido;Rio Grande Unido Pode Mais
STELA BEATRIZ FARIAS LOPES;STELA;Deputado Estadual;13113;PT;Deferido;PT
SUELI MARILENE DIHEL ERMEL;SUELI;Deputado Estadual;65001;PC do B;Deferido;Avançar nas Mudanças
SULETE THIMOTHEO DE MELLO;SULETE;Deputado Estadual;22201;PR;Deferido;Avançar nas Mudanças
TAIS JULIANA COSTA;TAIS COSTA;Deputado Estadual;43166;PV;Deferido;UNIÃO VERDE ECOLOGICA CRISTÃ
TÂMARA JOANA BIOLO SOARES;TÂMARA BIOLO SOARES;Deputado Estadual;13773;PT;Deferido;PT
TAMIRES FURTADO BARBOSA OLIVEIRA;TAMI FURTADO;Deputado Estadual;14563;PTB;Deferido;PTB
TANIA MARIA NICOLODI;TANIA NICOLODI;Deputado Estadual;22190;PR;Deferido;Avançar nas Mudanças
TARCÍSIO DE GÓIS;TARCÍSIO DE GÓIS;Deputado Estadual;20021;PSC;Deferido;UNIÃO VERDE ECOLOGICA CRISTÃ
TARCISIO JOÃO ZIMMERMANN;TARCISIO ZIMMERMANN;Deputado Estadual;13003;PT;Deferido;PT
TASSIA CRISTINA KAYSER RODRIGUES DE OLIVEIRA CELISTRE;TASSIA CRISTINA;Deputado Estadual;20601;PSC;Deferido;UNIÃO VERDE ECOLOGICA CRISTÃ
TATIANA ARACI DOS SANTOS;TATIANA SANTOS;Deputado Estadual;33123;PMN;Indeferido;PMN
TATIANA DALLE MOLLE;TATI DALLE MOLLE;Deputado Estadual;11006;PP;Deferido;PP
TAYNAH IGNACIO PINTO;TAYNAH IGNACIO;Deputado Estadual;50445;PSOL;Indeferido;Frente de Esquerda - PSOL / PSTU
TEONAS FABIANO BAUMHARDT;THEONAS BAUMHARDT;Deputado Estadual;40540;PSB;Deferido;JUNTOS PELO RIO GRANDE
THIAGO CHAVES BATISTA;THIAGO BATISTA;Deputado Estadual;27123;PSDC;Deferido;Rio Grande Unido Pode Mais
THIAGO PEREIRA DUARTE;DR. THIAGO;Deputado Estadual;12122;PDT;Deferido;Unidade Democrata Trabalhista
TIAGO CHANAN SIMON;TIAGO SIMON;Deputado Estadual;15777;PMDB;Deferido;PMDB
TIAGO LOPES PAIM;TIAGO PAIM;Deputado Estadual;43115;PV;Deferido;UNIÃO VERDE ECOLOGICA CRISTÃ
UBIRAJARA MACHADO TEIXEIRA;BIRA;Deputado Estadual;13285;PT;Deferido;PT
VAGNER ALOY RODRIGUES;VAGNER ALOY - MANINHO;Deputado Estadual;12999;PDT;Deferido;Unidade Democrata Trabalhista
VAGNER DOS SANTOS;VAGNER SANTOS;Deputado Estadual;20900;PSC;Deferido;UNIÃO VERDE ECOLOGICA CRISTÃ
VALDIR MENDES FERREIRA;VALDIRZINHO;Deputado Estadual;17222;PSL;Deferido;Rio Grande Unido Pode Mais
VALDIR SEVERO BORIN;MAGRO BORIN;Deputado Estadual;43300;PV;Aguardando julgamento;UNIÃO VERDE ECOLOGICA CRISTÃ
VALDIR TRINDADE DA SILVA;VALDIR TRINDADE;Deputado Estadual;43234;PV;Deferido;UNIÃO VERDE ECOLOGICA CRISTÃ
VALDNEIA BORGES DE ABREU;VALDNEIA BORGES;Deputado Estadual;22022;PR;Deferido;Avançar nas Mudanças
VALDOMIRO MOURA DA SILVA;VALDOMIRO MOURA;Deputado Estadual;54111;PPL;Deferido;Avançar nas Mudanças
VALDOMIRO SIPP;VALDOMIRO SIPP;Deputado Estadual;45440;PSDB;Deferido;Esperança por um Rio Grande Melhor
VALMOR LACERDA DO ESPIRITO SANTO;TIJOLADA DO LACERDA;Deputado Estadual;90500;PROS;Deferido;Avançar nas Mudanças
VALNEY LUIZ VARGAS DA SILVA;VALNEY VARGAS;Deputado Estadual;51556;PEN;Deferido;UNIÃO VERDE ECOLOGICA CRISTÃ
VALTER LUIS DA COSTA NAGELSTEIN;VALTER NAGELSTEIN;Deputado Estadual;15510;PMDB;Deferido;PMDB
VANDA MARIA ECHER;VANDA ECHER;Deputado Estadual;70333;PT do B;Deferido;Rio Grande Unido Pode Mais
VANDERLAN CARVALHO DE VASCONSELOS;VANDERLAN VASCONSELOS;Deputado Estadual;40123;PSB;Deferido;JUNTOS PELO RIO GRANDE
VANDERLEI REINOÇO DE ALMEIDA;VANDERLEI ALMEIDA;Deputado Estadual;43420;PV;Deferido;UNIÃO VERDE ECOLOGICA CRISTÃ
VANDERLEI ROQUE DREON;VANDERLEI DREON;Deputado Estadual;50050;PSOL;Deferido;Frente de Esquerda - PSOL / PSTU
VERA JUSTINA GUASSO;VERA GUASSO;Deputado Estadual;16123;PSTU;Deferido;Frente de Esquerda - PSOL / PSTU
VERLAU IBÁ FAGUNDES WERDUM;VERLAU WERDUM;Deputado Estadual;10200;PRB;Deferido;Esperança por um Rio Grande Melhor
VICENTE PAULO DE OLIVEIRA SELISTRE;VICENTE SELISTRE;Deputado Estadual;40500;PSB;Deferido;JUNTOS PELO RIO GRANDE
VICTOR FERNANDO DA SILVA SOUZA;VICTOR;Deputado Estadual;65100;PC do B;Deferido;Avançar nas Mudanças
VILMAR JOSÉ COUTINHO DE CASTRO;VILMAR COUTINHO;Deputado Estadual;55003;PSD;Deferido;Rio Grande Unido Pode Mais
VILMAR PERIN ZANCHIN;VILMAR ZANCHIN;Deputado Estadual;15444;PMDB;Deferido;PMDB
VILSON DA ROCHA PASTORIZA;PASTORIZA;Deputado Estadual;54222;PPL;Deferido;Avançar nas Mudanças
VILSON ROBERTO BASTOS DOS SANTOS;VILSON ROBERTO;Deputado Estadual;13513;PT;Deferido;PT
VINÍCIUS DE TOMASI RIBEIRO;VINICIUS RIBEIRO;Deputado Estadual;12612;PDT;Deferido;Unidade Democrata Trabalhista
VINICIUS PASSARELA DA SILVA;VINICIUS PASSARELA;Deputado Estadual;40333;PSB;Deferido;JUNTOS PELO RIO GRANDE
VOLMIR JOSE MIKI BREIER;MIKI BREIER;Deputado Estadual;40400;PSB;Deferido;JUNTOS PELO RIO GRANDE
VOLMIR MANOEL DOS SANTOS;VOLMIR MANOEL DOS SANTOS;Deputado Estadual;27427;PSDC;Deferido;Rio Grande Unido Pode Mais
VOLNEI DA SILVA ALVES;MISSIONARIO VOLNEI;Deputado Estadual;22222;PR;Deferido;Avançar nas Mudanças
WALMOCIR SILVA REIS;SOCORRISTA;Deputado Estadual;43192;PV;Deferido;UNIÃO VERDE ECOLOGICA CRISTÃ
WERNER REMPEL;WERNER REMPEL;Deputado Estadual;54054;PPL;Deferido;Avançar nas Mudanças
WILSON PEDRO LILL;PADRE WILSON;Deputado Estadual;40404;PSB;Deferido;JUNTOS PELO RIO GRANDE
ZAQUEU KEY CLAUDINO;ZAQUEU KAINGANG;Deputado Estadual;65000;PC do B;Deferido;Avançar nas Mudanças
ZILA MARIA BREITENBACH;ZILA BREITENBACH;Deputado Estadual;45345;PSDB;Deferido;Esperança por um Rio Grande Melhor
ZULAMAR RAMOS CARDOSO;ZULA DA KENTINHA;Deputado Estadual;10310;PRB;Deferido;Esperança por um Rio Grande Melhor
